,DATASET,TYPE,MODEL_TYPE,ZETA,FLIP,PROP,ACCURACY
0,THYROID,FLOW3,SGDClassifier,5,0,6,0.9546961325966851
1,THYROID,FLOW3,SGDClassifier,5,0,6,0.09281767955801105
2,THYROID,FLOW3,SGDClassifier,5,0,6,0.2718232044198895
3,THYROID,FLOW3,SGDClassifier,5,0,6,0.4994475138121547
4,THYROID,FLOW3,SGDClassifier,5,0,6,0.8
5,THYROID,FLOW3,SGDClassifier,5,0,6,0.9215469613259668
6,THYROID,FLOW3,SGDClassifier,5,0,6,0.09281767955801105
7,THYROID,FLOW3,SGDClassifier,5,0,6,0.09281767955801105
8,THYROID,FLOW3,SGDClassifier,5,0,6,0.9314917127071823
9,THYROID,FLOW3,SGDClassifier,5,0,6,0.9248618784530387
10,THYROID,FLOW3,SGDClassifier,5,1,8,0.9027624309392265
11,THYROID,FLOW3,SGDClassifier,5,1,8,0.5524861878453039
12,THYROID,FLOW3,SGDClassifier,5,1,8,0.09281767955801105
13,THYROID,FLOW3,SGDClassifier,5,1,8,0.9469613259668508
14,THYROID,FLOW3,SGDClassifier,5,1,8,0.11602209944751381
15,THYROID,FLOW3,SGDClassifier,5,1,8,0.9458563535911603
16,THYROID,FLOW3,SGDClassifier,5,1,8,0.09281767955801105
17,THYROID,FLOW3,SGDClassifier,5,1,8,0.9458563535911603
18,THYROID,FLOW3,SGDClassifier,5,1,8,0.9403314917127071
19,THYROID,FLOW3,SGDClassifier,5,1,8,0.850828729281768
20,THYROID,FLOW3,SGDClassifier,5,1,0,0.09281767955801105
21,THYROID,FLOW3,SGDClassifier,5,1,0,0.13370165745856355
22,THYROID,FLOW3,SGDClassifier,5,1,0,0.9469613259668508
23,THYROID,FLOW3,SGDClassifier,5,1,0,0.949171270718232
24,THYROID,FLOW3,SGDClassifier,5,1,0,0.9425414364640884
25,THYROID,FLOW3,SGDClassifier,5,1,0,0.9425414364640884
26,THYROID,FLOW3,SGDClassifier,5,1,0,0.09281767955801105
27,THYROID,FLOW3,SGDClassifier,5,1,0,0.9613259668508287
28,THYROID,FLOW3,SGDClassifier,5,1,0,0.9248618784530387
29,THYROID,FLOW3,SGDClassifier,5,1,0,0.9370165745856354
30,THYROID,FLOW3,SGDClassifier,5,1,2,0.09281767955801105
31,THYROID,FLOW3,SGDClassifier,5,1,2,0.8917127071823204
32,THYROID,FLOW3,SGDClassifier,5,1,2,0.938121546961326
33,THYROID,FLOW3,SGDClassifier,5,1,2,0.9149171270718232
34,THYROID,FLOW3,SGDClassifier,5,1,2,0.9160220994475138
35,THYROID,FLOW3,SGDClassifier,5,1,2,0.2861878453038674
36,THYROID,FLOW3,SGDClassifier,5,1,2,0.09281767955801105
37,THYROID,FLOW3,SGDClassifier,5,1,2,0.9458563535911603
38,THYROID,FLOW3,SGDClassifier,5,1,2,0.8220994475138121
39,THYROID,FLOW3,SGDClassifier,5,1,2,0.32154696132596683
40,THYROID,FLOW3,SGDClassifier,5,2,0,0.6375690607734806
41,THYROID,FLOW3,SGDClassifier,5,2,0,0.943646408839779
42,THYROID,FLOW3,SGDClassifier,5,2,0,0.4
43,THYROID,FLOW3,SGDClassifier,5,2,0,0.9414364640883978
44,THYROID,FLOW3,SGDClassifier,5,2,0,0.9469613259668508
45,THYROID,FLOW3,SGDClassifier,5,2,0,0.46519337016574586
46,THYROID,FLOW3,SGDClassifier,5,2,0,0.9458563535911603
47,THYROID,FLOW3,SGDClassifier,5,2,0,0.9469613259668508
48,THYROID,FLOW3,SGDClassifier,5,2,0,0.9403314917127071
49,THYROID,FLOW3,SGDClassifier,5,2,0,0.9370165745856354
50,THYROID,FLOW3,SGDClassifier,5,2,2,0.9447513812154696
51,THYROID,FLOW3,SGDClassifier,5,2,2,0.9171270718232044
52,THYROID,FLOW3,SGDClassifier,5,2,2,0.9480662983425414
53,THYROID,FLOW3,SGDClassifier,5,2,2,0.26298342541436465
54,THYROID,FLOW3,SGDClassifier,5,2,2,0.09723756906077348
55,THYROID,FLOW3,SGDClassifier,5,2,2,0.9425414364640884
56,THYROID,FLOW3,SGDClassifier,5,2,2,0.943646408839779
57,THYROID,FLOW3,SGDClassifier,5,2,2,0.8541436464088398
58,THYROID,FLOW3,SGDClassifier,5,2,2,0.09281767955801105
59,THYROID,FLOW3,SGDClassifier,5,2,2,0.9535911602209944
60,THYROID,FLOW3,SGDClassifier,5,3,6,0.6044198895027625
61,THYROID,FLOW3,SGDClassifier,5,3,6,0.2850828729281768
62,THYROID,FLOW3,SGDClassifier,5,3,6,0.6718232044198895
63,THYROID,FLOW3,SGDClassifier,5,3,6,0.09281767955801105
64,THYROID,FLOW3,SGDClassifier,5,3,6,0.3160220994475138
65,THYROID,FLOW3,SGDClassifier,5,3,6,0.09281767955801105
66,THYROID,FLOW3,SGDClassifier,5,3,6,0.09281767955801105
67,THYROID,FLOW3,SGDClassifier,5,3,6,0.09281767955801105
68,THYROID,FLOW3,SGDClassifier,5,3,6,0.09281767955801105
69,THYROID,FLOW3,SGDClassifier,5,3,6,0.09281767955801105
70,THYROID,FLOW3,SGDClassifier,5,0,0,0.9535911602209944
71,THYROID,FLOW3,SGDClassifier,5,0,0,0.8917127071823204
72,THYROID,FLOW3,SGDClassifier,5,0,0,0.4320441988950276
73,THYROID,FLOW3,SGDClassifier,5,0,0,0.907182320441989
74,THYROID,FLOW3,SGDClassifier,5,0,0,0.7182320441988951
75,THYROID,FLOW3,SGDClassifier,5,0,0,0.9502762430939227
76,THYROID,FLOW3,SGDClassifier,5,0,0,0.9591160220994475
77,THYROID,FLOW3,SGDClassifier,5,0,0,0.9171270718232044
78,THYROID,FLOW3,SGDClassifier,5,0,0,0.943646408839779
79,THYROID,FLOW3,SGDClassifier,5,0,0,0.943646408839779
80,THYROID,FLOW3,SGDClassifier,5,1,6,0.9524861878453039
81,THYROID,FLOW3,SGDClassifier,5,1,6,0.9337016574585635
82,THYROID,FLOW3,SGDClassifier,5,1,6,0.9359116022099447
83,THYROID,FLOW3,SGDClassifier,5,1,6,0.9425414364640884
84,THYROID,FLOW3,SGDClassifier,5,1,6,0.932596685082873
85,THYROID,FLOW3,SGDClassifier,5,1,6,0.09281767955801105
86,THYROID,FLOW3,SGDClassifier,5,1,6,0.9602209944751381
87,THYROID,FLOW3,SGDClassifier,5,1,6,0.09281767955801105
88,THYROID,FLOW3,SGDClassifier,5,1,6,0.9425414364640884
89,THYROID,FLOW3,SGDClassifier,5,1,6,0.9469613259668508
90,THYROID,FLOW3,SGDClassifier,5,1,4,0.09281767955801105
91,THYROID,FLOW3,SGDClassifier,5,1,4,0.7602209944751381
92,THYROID,FLOW3,SGDClassifier,5,1,4,0.09281767955801105
93,THYROID,FLOW3,SGDClassifier,5,1,4,0.09281767955801105
94,THYROID,FLOW3,SGDClassifier,5,1,4,0.9337016574585635
95,THYROID,FLOW3,SGDClassifier,5,1,4,0.7845303867403315
96,THYROID,FLOW3,SGDClassifier,5,1,4,0.5734806629834254
97,THYROID,FLOW3,SGDClassifier,5,1,4,0.7812154696132597
98,THYROID,FLOW3,SGDClassifier,5,1,4,0.7966850828729282
99,THYROID,FLOW3,SGDClassifier,5,1,4,0.943646408839779
100,THYROID,FLOW3,SGDClassifier,5,2,6,0.9403314917127071
101,THYROID,FLOW3,SGDClassifier,5,2,6,0.943646408839779
102,THYROID,FLOW3,SGDClassifier,5,2,6,0.09281767955801105
103,THYROID,FLOW3,SGDClassifier,5,2,6,0.9458563535911603
104,THYROID,FLOW3,SGDClassifier,5,2,6,0.9502762430939227
105,THYROID,FLOW3,SGDClassifier,5,2,6,0.6419889502762431
106,THYROID,FLOW3,SGDClassifier,5,2,6,0.9359116022099447
107,THYROID,FLOW3,SGDClassifier,5,2,6,0.7867403314917127
108,THYROID,FLOW3,SGDClassifier,5,2,6,0.943646408839779
109,THYROID,FLOW3,SGDClassifier,5,2,6,0.34585635359116024
110,THYROID,FLOW3,SGDClassifier,5,2,4,0.8099447513812155
111,THYROID,FLOW3,SGDClassifier,5,2,4,0.7524861878453039
112,THYROID,FLOW3,SGDClassifier,5,2,4,0.8475138121546961
113,THYROID,FLOW3,SGDClassifier,5,2,4,0.8685082872928177
114,THYROID,FLOW3,SGDClassifier,5,2,4,0.8939226519337017
115,THYROID,FLOW3,SGDClassifier,5,2,4,0.09281767955801105
116,THYROID,FLOW3,SGDClassifier,5,2,4,0.09281767955801105
117,THYROID,FLOW3,SGDClassifier,5,2,4,0.9005524861878453
118,THYROID,FLOW3,SGDClassifier,5,2,4,0.45414364640883975
119,THYROID,FLOW3,SGDClassifier,5,2,4,0.09281767955801105
120,THYROID,FLOW3,SGDClassifier,5,3,0,0.6662983425414365
121,THYROID,FLOW3,SGDClassifier,5,3,0,0.9502762430939227
122,THYROID,FLOW3,SGDClassifier,5,3,0,0.23314917127071824
123,THYROID,FLOW3,SGDClassifier,5,3,0,0.9348066298342541
124,THYROID,FLOW3,SGDClassifier,5,3,0,0.943646408839779
125,THYROID,FLOW3,SGDClassifier,5,3,0,0.9425414364640884
126,THYROID,FLOW3,SGDClassifier,5,3,0,0.9414364640883978
127,THYROID,FLOW3,SGDClassifier,5,3,0,0.9458563535911603
128,THYROID,FLOW3,SGDClassifier,5,3,0,0.9480662983425414
129,THYROID,FLOW3,SGDClassifier,5,3,0,0.9458563535911603
130,THYROID,FLOW3,SGDClassifier,5,2,8,0.9469613259668508
131,THYROID,FLOW3,SGDClassifier,5,2,8,0.09281767955801105
132,THYROID,FLOW3,SGDClassifier,5,2,8,0.09281767955801105
133,THYROID,FLOW3,SGDClassifier,5,2,8,0.9425414364640884
134,THYROID,FLOW3,SGDClassifier,5,2,8,0.9348066298342541
135,THYROID,FLOW3,SGDClassifier,5,2,8,0.09281767955801105
136,THYROID,FLOW3,SGDClassifier,5,2,8,0.9458563535911603
137,THYROID,FLOW3,SGDClassifier,5,2,8,0.9458563535911603
138,THYROID,FLOW3,SGDClassifier,5,2,8,0.9558011049723757
139,THYROID,FLOW3,SGDClassifier,5,2,8,0.943646408839779
140,THYROID,FLOW3,SGDClassifier,5,3,2,0.8364640883977901
141,THYROID,FLOW3,SGDClassifier,5,3,2,0.8187845303867404
142,THYROID,FLOW3,SGDClassifier,5,3,2,0.09281767955801105
143,THYROID,FLOW3,SGDClassifier,5,3,2,0.09281767955801105
144,THYROID,FLOW3,SGDClassifier,5,3,2,0.09281767955801105
145,THYROID,FLOW3,SGDClassifier,5,3,2,0.918232044198895
146,THYROID,FLOW3,SGDClassifier,5,3,2,0.9171270718232044
147,THYROID,FLOW3,SGDClassifier,5,3,2,0.18121546961325966
148,THYROID,FLOW3,SGDClassifier,5,3,2,0.09281767955801105
149,THYROID,FLOW3,SGDClassifier,5,3,2,0.09281767955801105
150,THYROID,FLOW3,SGDClassifier,5,0,2,0.9458563535911603
151,THYROID,FLOW3,SGDClassifier,5,0,2,0.9237569060773481
152,THYROID,FLOW3,SGDClassifier,5,0,2,0.7546961325966851
153,THYROID,FLOW3,SGDClassifier,5,0,2,0.09281767955801105
154,THYROID,FLOW3,SGDClassifier,5,0,2,0.9314917127071823
155,THYROID,FLOW3,SGDClassifier,5,0,2,0.30939226519337015
156,THYROID,FLOW3,SGDClassifier,5,0,2,0.6740331491712708
157,THYROID,FLOW3,SGDClassifier,5,0,2,0.9469613259668508
158,THYROID,FLOW3,SGDClassifier,5,0,2,0.9480662983425414
159,THYROID,FLOW3,SGDClassifier,5,0,2,0.9281767955801105
160,THYROID,FLOW3,SGDClassifier,5,3,8,0.1281767955801105
161,THYROID,FLOW3,SGDClassifier,5,3,8,0.9613259668508287
162,THYROID,FLOW3,SGDClassifier,5,3,8,0.42099447513812155
163,THYROID,FLOW3,SGDClassifier,5,3,8,0.09281767955801105
164,THYROID,FLOW3,SGDClassifier,5,3,8,0.09171270718232044
165,THYROID,FLOW3,SGDClassifier,5,3,8,0.09281767955801105
166,THYROID,FLOW3,SGDClassifier,5,3,8,0.5060773480662983
167,THYROID,FLOW3,SGDClassifier,5,3,8,0.09281767955801105
168,THYROID,FLOW3,SGDClassifier,5,3,8,0.09281767955801105
169,THYROID,FLOW3,SGDClassifier,5,3,8,0.09171270718232044
170,THYROID,FLOW3,SGDClassifier,5,0,8,0.9480662983425414
171,THYROID,FLOW3,SGDClassifier,5,0,8,0.9458563535911603
172,THYROID,FLOW3,SGDClassifier,5,0,8,0.9458563535911603
173,THYROID,FLOW3,SGDClassifier,5,0,8,0.943646408839779
174,THYROID,FLOW3,SGDClassifier,5,0,8,0.8895027624309392
175,THYROID,FLOW3,SGDClassifier,5,0,8,0.9403314917127071
176,THYROID,FLOW3,SGDClassifier,5,0,8,0.9226519337016574
177,THYROID,FLOW3,SGDClassifier,5,0,8,0.9458563535911603
178,THYROID,FLOW3,SGDClassifier,5,0,8,0.8607734806629834
179,THYROID,FLOW3,SGDClassifier,5,0,8,0.09281767955801105
180,THYROID,FLOW3,SGDClassifier,5,0,4,0.9447513812154696
181,THYROID,FLOW3,SGDClassifier,5,0,4,0.943646408839779
182,THYROID,FLOW3,SGDClassifier,5,0,4,0.938121546961326
183,THYROID,FLOW3,SGDClassifier,5,0,4,0.2674033149171271
184,THYROID,FLOW3,SGDClassifier,5,0,4,0.938121546961326
185,THYROID,FLOW3,SGDClassifier,5,0,4,0.9237569060773481
186,THYROID,FLOW3,SGDClassifier,5,0,4,0.9458563535911603
187,THYROID,FLOW3,SGDClassifier,5,0,4,0.7204419889502762
188,THYROID,FLOW3,SGDClassifier,5,0,4,0.9458563535911603
189,THYROID,FLOW3,SGDClassifier,5,0,4,0.949171270718232
190,THYROID,FLOW3,SGDClassifier,5,3,4,0.09281767955801105
191,THYROID,FLOW3,SGDClassifier,5,3,4,0.09281767955801105
192,THYROID,FLOW3,SGDClassifier,5,3,4,0.09281767955801105
193,THYROID,FLOW3,SGDClassifier,5,3,4,0.09281767955801105
194,THYROID,FLOW3,SGDClassifier,5,3,4,0.09281767955801105
195,THYROID,FLOW3,SGDClassifier,5,3,4,0.09281767955801105
196,THYROID,FLOW3,SGDClassifier,5,3,4,0.09281767955801105
197,THYROID,FLOW3,SGDClassifier,5,3,4,0.7480662983425415
198,THYROID,FLOW3,SGDClassifier,5,3,4,0.09281767955801105
199,THYROID,FLOW3,SGDClassifier,5,3,4,0.09281767955801105
200,THYROID,FLOW3,SGDClassifier,1,0,6,0.9160220994475138
201,THYROID,FLOW3,SGDClassifier,1,0,6,0.8408839779005525
202,THYROID,FLOW3,SGDClassifier,1,0,6,0.9469613259668508
203,THYROID,FLOW3,SGDClassifier,1,0,6,0.9480662983425414
204,THYROID,FLOW3,SGDClassifier,1,0,6,0.5889502762430939
205,THYROID,FLOW3,SGDClassifier,1,0,6,0.09281767955801105
206,THYROID,FLOW3,SGDClassifier,1,0,6,0.9469613259668508
207,THYROID,FLOW3,SGDClassifier,1,0,6,0.8629834254143647
208,THYROID,FLOW3,SGDClassifier,1,0,6,0.9458563535911603
209,THYROID,FLOW3,SGDClassifier,1,0,6,0.09281767955801105
210,THYROID,FLOW3,SGDClassifier,1,1,8,0.09281767955801105
211,THYROID,FLOW3,SGDClassifier,1,1,8,0.8464088397790055
212,THYROID,FLOW3,SGDClassifier,1,1,8,0.9469613259668508
213,THYROID,FLOW3,SGDClassifier,1,1,8,0.281767955801105
214,THYROID,FLOW3,SGDClassifier,1,1,8,0.9403314917127071
215,THYROID,FLOW3,SGDClassifier,1,1,8,0.4375690607734807
216,THYROID,FLOW3,SGDClassifier,1,1,8,0.11602209944751381
217,THYROID,FLOW3,SGDClassifier,1,1,8,0.9359116022099447
218,THYROID,FLOW3,SGDClassifier,1,1,8,0.9414364640883978
219,THYROID,FLOW3,SGDClassifier,1,1,8,0.932596685082873
220,THYROID,FLOW3,SGDClassifier,1,1,0,0.4375690607734807
221,THYROID,FLOW3,SGDClassifier,1,1,0,0.8132596685082873
222,THYROID,FLOW3,SGDClassifier,1,1,0,0.46408839779005523
223,THYROID,FLOW3,SGDClassifier,1,1,0,0.8994475138121547
224,THYROID,FLOW3,SGDClassifier,1,1,0,0.8364640883977901
225,THYROID,FLOW3,SGDClassifier,1,1,0,0.5292817679558011
226,THYROID,FLOW3,SGDClassifier,1,1,0,0.6121546961325967
227,THYROID,FLOW3,SGDClassifier,1,1,0,0.932596685082873
228,THYROID,FLOW3,SGDClassifier,1,1,0,0.09944751381215469
229,THYROID,FLOW3,SGDClassifier,1,1,0,0.5447513812154696
230,THYROID,FLOW3,SGDClassifier,1,1,2,0.16574585635359115
231,THYROID,FLOW3,SGDClassifier,1,1,2,0.6386740331491713
232,THYROID,FLOW3,SGDClassifier,1,1,2,0.9215469613259668
233,THYROID,FLOW3,SGDClassifier,1,1,2,0.14033149171270717
234,THYROID,FLOW3,SGDClassifier,1,1,2,0.37790055248618787
235,THYROID,FLOW3,SGDClassifier,1,1,2,0.09281767955801105
236,THYROID,FLOW3,SGDClassifier,1,1,2,0.96353591160221
237,THYROID,FLOW3,SGDClassifier,1,1,2,0.10165745856353592
238,THYROID,FLOW3,SGDClassifier,1,1,2,0.9171270718232044
239,THYROID,FLOW3,SGDClassifier,1,1,2,0.7171270718232045
240,THYROID,FLOW3,SGDClassifier,1,2,0,0.09723756906077348
241,THYROID,FLOW3,SGDClassifier,1,2,0,0.9480662983425414
242,THYROID,FLOW3,SGDClassifier,1,2,0,0.18453038674033148
243,THYROID,FLOW3,SGDClassifier,1,2,0,0.9392265193370166
244,THYROID,FLOW3,SGDClassifier,1,2,0,0.11160220994475138
245,THYROID,FLOW3,SGDClassifier,1,2,0,0.7558011049723757
246,THYROID,FLOW3,SGDClassifier,1,2,0,0.10718232044198896
247,THYROID,FLOW3,SGDClassifier,1,2,0,0.8751381215469614
248,THYROID,FLOW3,SGDClassifier,1,2,0,0.943646408839779
249,THYROID,FLOW3,SGDClassifier,1,2,0,0.9215469613259668
250,THYROID,FLOW3,SGDClassifier,1,2,2,0.9524861878453039
251,THYROID,FLOW3,SGDClassifier,1,2,2,0.21988950276243094
252,THYROID,FLOW3,SGDClassifier,1,2,2,0.7867403314917127
253,THYROID,FLOW3,SGDClassifier,1,2,2,0.09281767955801105
254,THYROID,FLOW3,SGDClassifier,1,2,2,0.9458563535911603
255,THYROID,FLOW3,SGDClassifier,1,2,2,0.943646408839779
256,THYROID,FLOW3,SGDClassifier,1,2,2,0.10939226519337017
257,THYROID,FLOW3,SGDClassifier,1,2,2,0.9480662983425414
258,THYROID,FLOW3,SGDClassifier,1,2,2,0.9458563535911603
259,THYROID,FLOW3,SGDClassifier,1,2,2,0.9425414364640884
260,THYROID,FLOW3,SGDClassifier,1,3,6,0.09281767955801105
261,THYROID,FLOW3,SGDClassifier,1,3,6,0.09281767955801105
262,THYROID,FLOW3,SGDClassifier,1,3,6,0.09281767955801105
263,THYROID,FLOW3,SGDClassifier,1,3,6,0.09281767955801105
264,THYROID,FLOW3,SGDClassifier,1,3,6,0.09281767955801105
265,THYROID,FLOW3,SGDClassifier,1,3,6,0.09281767955801105
266,THYROID,FLOW3,SGDClassifier,1,3,6,0.09281767955801105
267,THYROID,FLOW3,SGDClassifier,1,3,6,0.09281767955801105
268,THYROID,FLOW3,SGDClassifier,1,3,6,0.12265193370165746
269,THYROID,FLOW3,SGDClassifier,1,3,6,0.09281767955801105
270,THYROID,FLOW3,SGDClassifier,1,0,0,0.09281767955801105
271,THYROID,FLOW3,SGDClassifier,1,0,0,0.7193370165745856
272,THYROID,FLOW3,SGDClassifier,1,0,0,0.9469613259668508
273,THYROID,FLOW3,SGDClassifier,1,0,0,0.9259668508287293
274,THYROID,FLOW3,SGDClassifier,1,0,0,0.8220994475138121
275,THYROID,FLOW3,SGDClassifier,1,0,0,0.9458563535911603
276,THYROID,FLOW3,SGDClassifier,1,0,0,0.22209944751381216
277,THYROID,FLOW3,SGDClassifier,1,0,0,0.09281767955801105
278,THYROID,FLOW3,SGDClassifier,1,0,0,0.9370165745856354
279,THYROID,FLOW3,SGDClassifier,1,0,0,0.9458563535911603
280,THYROID,FLOW3,SGDClassifier,1,1,6,0.09281767955801105
281,THYROID,FLOW3,SGDClassifier,1,1,6,0.1270718232044199
282,THYROID,FLOW3,SGDClassifier,1,1,6,0.8121546961325967
283,THYROID,FLOW3,SGDClassifier,1,1,6,0.5447513812154696
284,THYROID,FLOW3,SGDClassifier,1,1,6,0.9348066298342541
285,THYROID,FLOW3,SGDClassifier,1,1,6,0.9425414364640884
286,THYROID,FLOW3,SGDClassifier,1,1,6,0.943646408839779
287,THYROID,FLOW3,SGDClassifier,1,1,6,0.8861878453038674
288,THYROID,FLOW3,SGDClassifier,1,1,6,0.9270718232044199
289,THYROID,FLOW3,SGDClassifier,1,1,6,0.16574585635359115
290,THYROID,FLOW3,SGDClassifier,1,1,4,0.943646408839779
291,THYROID,FLOW3,SGDClassifier,1,1,4,0.487292817679558
292,THYROID,FLOW3,SGDClassifier,1,1,4,0.10276243093922652
293,THYROID,FLOW3,SGDClassifier,1,1,4,0.9469613259668508
294,THYROID,FLOW3,SGDClassifier,1,1,4,0.09281767955801105
295,THYROID,FLOW3,SGDClassifier,1,1,4,0.9502762430939227
296,THYROID,FLOW3,SGDClassifier,1,1,4,0.9480662983425414
297,THYROID,FLOW3,SGDClassifier,1,1,4,0.8961325966850828
298,THYROID,FLOW3,SGDClassifier,1,1,4,0.7613259668508288
299,THYROID,FLOW3,SGDClassifier,1,1,4,0.9215469613259668
300,THYROID,FLOW3,SGDClassifier,1,2,6,0.19889502762430938
301,THYROID,FLOW3,SGDClassifier,1,2,6,0.9480662983425414
302,THYROID,FLOW3,SGDClassifier,1,2,6,0.30386740331491713
303,THYROID,FLOW3,SGDClassifier,1,2,6,0.943646408839779
304,THYROID,FLOW3,SGDClassifier,1,2,6,0.6883977900552486
305,THYROID,FLOW3,SGDClassifier,1,2,6,0.6441988950276243
306,THYROID,FLOW3,SGDClassifier,1,2,6,0.09944751381215469
307,THYROID,FLOW3,SGDClassifier,1,2,6,0.09281767955801105
308,THYROID,FLOW3,SGDClassifier,1,2,6,0.09281767955801105
309,THYROID,FLOW3,SGDClassifier,1,2,6,0.09281767955801105
310,THYROID,FLOW3,SGDClassifier,1,2,4,0.7160220994475138
311,THYROID,FLOW3,SGDClassifier,1,2,4,0.09281767955801105
312,THYROID,FLOW3,SGDClassifier,1,2,4,0.09281767955801105
313,THYROID,FLOW3,SGDClassifier,1,2,4,0.8265193370165745
314,THYROID,FLOW3,SGDClassifier,1,2,4,0.9447513812154696
315,THYROID,FLOW3,SGDClassifier,1,2,4,0.6685082872928176
316,THYROID,FLOW3,SGDClassifier,1,2,4,0.9458563535911603
317,THYROID,FLOW3,SGDClassifier,1,2,4,0.2276243093922652
318,THYROID,FLOW3,SGDClassifier,1,2,4,0.7668508287292818
319,THYROID,FLOW3,SGDClassifier,1,2,4,0.09281767955801105
320,THYROID,FLOW3,SGDClassifier,1,3,0,0.9104972375690608
321,THYROID,FLOW3,SGDClassifier,1,3,0,0.9414364640883978
322,THYROID,FLOW3,SGDClassifier,1,3,0,0.8729281767955801
323,THYROID,FLOW3,SGDClassifier,1,3,0,0.33038674033149174
324,THYROID,FLOW3,SGDClassifier,1,3,0,0.9337016574585635
325,THYROID,FLOW3,SGDClassifier,1,3,0,0.4718232044198895
326,THYROID,FLOW3,SGDClassifier,1,3,0,0.6287292817679558
327,THYROID,FLOW3,SGDClassifier,1,3,0,0.9292817679558011
328,THYROID,FLOW3,SGDClassifier,1,3,0,0.5215469613259669
329,THYROID,FLOW3,SGDClassifier,1,3,0,0.09502762430939227
330,THYROID,FLOW3,SGDClassifier,1,2,8,0.09281767955801105
331,THYROID,FLOW3,SGDClassifier,1,2,8,0.8143646408839779
332,THYROID,FLOW3,SGDClassifier,1,2,8,0.9414364640883978
333,THYROID,FLOW3,SGDClassifier,1,2,8,0.25524861878453037
334,THYROID,FLOW3,SGDClassifier,1,2,8,0.9392265193370166
335,THYROID,FLOW3,SGDClassifier,1,2,8,0.5403314917127072
336,THYROID,FLOW3,SGDClassifier,1,2,8,0.10497237569060773
337,THYROID,FLOW3,SGDClassifier,1,2,8,0.9458563535911603
338,THYROID,FLOW3,SGDClassifier,1,2,8,0.7436464088397791
339,THYROID,FLOW3,SGDClassifier,1,2,8,0.9469613259668508
340,THYROID,FLOW3,SGDClassifier,1,3,2,0.1005524861878453
341,THYROID,FLOW3,SGDClassifier,1,3,2,0.09281767955801105
342,THYROID,FLOW3,SGDClassifier,1,3,2,0.09281767955801105
343,THYROID,FLOW3,SGDClassifier,1,3,2,0.932596685082873
344,THYROID,FLOW3,SGDClassifier,1,3,2,0.09281767955801105
345,THYROID,FLOW3,SGDClassifier,1,3,2,0.09281767955801105
346,THYROID,FLOW3,SGDClassifier,1,3,2,0.9458563535911603
347,THYROID,FLOW3,SGDClassifier,1,3,2,0.09281767955801105
348,THYROID,FLOW3,SGDClassifier,1,3,2,0.7149171270718232
349,THYROID,FLOW3,SGDClassifier,1,3,2,0.09281767955801105
350,THYROID,FLOW3,SGDClassifier,1,0,2,0.9513812154696133
351,THYROID,FLOW3,SGDClassifier,1,0,2,0.39226519337016574
352,THYROID,FLOW3,SGDClassifier,1,0,2,0.09281767955801105
353,THYROID,FLOW3,SGDClassifier,1,0,2,0.09281767955801105
354,THYROID,FLOW3,SGDClassifier,1,0,2,0.9226519337016574
355,THYROID,FLOW3,SGDClassifier,1,0,2,0.20773480662983426
356,THYROID,FLOW3,SGDClassifier,1,0,2,0.9303867403314917
357,THYROID,FLOW3,SGDClassifier,1,0,2,0.9447513812154696
358,THYROID,FLOW3,SGDClassifier,1,0,2,0.8276243093922652
359,THYROID,FLOW3,SGDClassifier,1,0,2,0.09281767955801105
360,THYROID,FLOW3,SGDClassifier,1,3,8,0.9425414364640884
361,THYROID,FLOW3,SGDClassifier,1,3,8,0.09281767955801105
362,THYROID,FLOW3,SGDClassifier,1,3,8,0.09281767955801105
363,THYROID,FLOW3,SGDClassifier,1,3,8,0.09281767955801105
364,THYROID,FLOW3,SGDClassifier,1,3,8,0.09281767955801105
365,THYROID,FLOW3,SGDClassifier,1,3,8,0.09281767955801105
366,THYROID,FLOW3,SGDClassifier,1,3,8,0.09281767955801105
367,THYROID,FLOW3,SGDClassifier,1,3,8,0.09281767955801105
368,THYROID,FLOW3,SGDClassifier,1,3,8,0.09281767955801105
369,THYROID,FLOW3,SGDClassifier,1,3,8,0.09281767955801105
370,THYROID,FLOW3,SGDClassifier,1,0,8,0.9082872928176795
371,THYROID,FLOW3,SGDClassifier,1,0,8,0.7591160220994475
372,THYROID,FLOW3,SGDClassifier,1,0,8,0.9513812154696133
373,THYROID,FLOW3,SGDClassifier,1,0,8,0.9480662983425414
374,THYROID,FLOW3,SGDClassifier,1,0,8,0.23535911602209944
375,THYROID,FLOW3,SGDClassifier,1,0,8,0.9502762430939227
376,THYROID,FLOW3,SGDClassifier,1,0,8,0.5955801104972376
377,THYROID,FLOW3,SGDClassifier,1,0,8,0.9281767955801105
378,THYROID,FLOW3,SGDClassifier,1,0,8,0.9480662983425414
379,THYROID,FLOW3,SGDClassifier,1,0,8,0.6342541436464089
380,THYROID,FLOW3,SGDClassifier,1,0,4,0.7966850828729282
381,THYROID,FLOW3,SGDClassifier,1,0,4,0.507182320441989
382,THYROID,FLOW3,SGDClassifier,1,0,4,0.09502762430939227
383,THYROID,FLOW3,SGDClassifier,1,0,4,0.5303867403314917
384,THYROID,FLOW3,SGDClassifier,1,0,4,0.5480662983425414
385,THYROID,FLOW3,SGDClassifier,1,0,4,0.15138121546961325
386,THYROID,FLOW3,SGDClassifier,1,0,4,0.9480662983425414
387,THYROID,FLOW3,SGDClassifier,1,0,4,0.09281767955801105
388,THYROID,FLOW3,SGDClassifier,1,0,4,0.7502762430939226
389,THYROID,FLOW3,SGDClassifier,1,0,4,0.9281767955801105
390,THYROID,FLOW3,SGDClassifier,1,3,4,0.09281767955801105
391,THYROID,FLOW3,SGDClassifier,1,3,4,0.09281767955801105
392,THYROID,FLOW3,SGDClassifier,1,3,4,0.09281767955801105
393,THYROID,FLOW3,SGDClassifier,1,3,4,0.09281767955801105
394,THYROID,FLOW3,SGDClassifier,1,3,4,0.09281767955801105
395,THYROID,FLOW3,SGDClassifier,1,3,4,0.10165745856353592
396,THYROID,FLOW3,SGDClassifier,1,3,4,0.09281767955801105
397,THYROID,FLOW3,SGDClassifier,1,3,4,0.09281767955801105
398,THYROID,FLOW3,SGDClassifier,1,3,4,0.09281767955801105
399,THYROID,FLOW3,SGDClassifier,1,3,4,0.09281767955801105
400,THYROID,FLOW3,SGDClassifier,3,0,6,0.09392265193370165
401,THYROID,FLOW3,SGDClassifier,3,0,6,0.876243093922652
402,THYROID,FLOW3,SGDClassifier,3,0,6,0.9447513812154696
403,THYROID,FLOW3,SGDClassifier,3,0,6,0.9447513812154696
404,THYROID,FLOW3,SGDClassifier,3,0,6,0.9270718232044199
405,THYROID,FLOW3,SGDClassifier,3,0,6,0.7104972375690608
406,THYROID,FLOW3,SGDClassifier,3,0,6,0.09944751381215469
407,THYROID,FLOW3,SGDClassifier,3,0,6,0.6541436464088398
408,THYROID,FLOW3,SGDClassifier,3,0,6,0.9447513812154696
409,THYROID,FLOW3,SGDClassifier,3,0,6,0.918232044198895
410,THYROID,FLOW3,SGDClassifier,3,1,8,0.9270718232044199
411,THYROID,FLOW3,SGDClassifier,3,1,8,0.9370165745856354
412,THYROID,FLOW3,SGDClassifier,3,1,8,0.9546961325966851
413,THYROID,FLOW3,SGDClassifier,3,1,8,0.887292817679558
414,THYROID,FLOW3,SGDClassifier,3,1,8,0.8784530386740331
415,THYROID,FLOW3,SGDClassifier,3,1,8,0.1878453038674033
416,THYROID,FLOW3,SGDClassifier,3,1,8,0.949171270718232
417,THYROID,FLOW3,SGDClassifier,3,1,8,0.5259668508287293
418,THYROID,FLOW3,SGDClassifier,3,1,8,0.16464088397790055
419,THYROID,FLOW3,SGDClassifier,3,1,8,0.09281767955801105
420,THYROID,FLOW3,SGDClassifier,3,1,0,0.7491712707182321
421,THYROID,FLOW3,SGDClassifier,3,1,0,0.8994475138121547
422,THYROID,FLOW3,SGDClassifier,3,1,0,0.5348066298342542
423,THYROID,FLOW3,SGDClassifier,3,1,0,0.9458563535911603
424,THYROID,FLOW3,SGDClassifier,3,1,0,0.9447513812154696
425,THYROID,FLOW3,SGDClassifier,3,1,0,0.8994475138121547
426,THYROID,FLOW3,SGDClassifier,3,1,0,0.26298342541436465
427,THYROID,FLOW3,SGDClassifier,3,1,0,0.9359116022099447
428,THYROID,FLOW3,SGDClassifier,3,1,0,0.09281767955801105
429,THYROID,FLOW3,SGDClassifier,3,1,0,0.9237569060773481
430,THYROID,FLOW3,SGDClassifier,3,1,2,0.901657458563536
431,THYROID,FLOW3,SGDClassifier,3,1,2,0.9458563535911603
432,THYROID,FLOW3,SGDClassifier,3,1,2,0.10497237569060773
433,THYROID,FLOW3,SGDClassifier,3,1,2,0.9447513812154696
434,THYROID,FLOW3,SGDClassifier,3,1,2,0.49281767955801103
435,THYROID,FLOW3,SGDClassifier,3,1,2,0.3392265193370166
436,THYROID,FLOW3,SGDClassifier,3,1,2,0.8187845303867404
437,THYROID,FLOW3,SGDClassifier,3,1,2,0.3602209944751381
438,THYROID,FLOW3,SGDClassifier,3,1,2,0.09281767955801105
439,THYROID,FLOW3,SGDClassifier,3,1,2,0.09281767955801105
440,THYROID,FLOW3,SGDClassifier,3,2,0,0.9370165745856354
441,THYROID,FLOW3,SGDClassifier,3,2,0,0.943646408839779
442,THYROID,FLOW3,SGDClassifier,3,2,0,0.9248618784530387
443,THYROID,FLOW3,SGDClassifier,3,2,0,0.2883977900552486
444,THYROID,FLOW3,SGDClassifier,3,2,0,0.9259668508287293
445,THYROID,FLOW3,SGDClassifier,3,2,0,0.09502762430939227
446,THYROID,FLOW3,SGDClassifier,3,2,0,0.44751381215469616
447,THYROID,FLOW3,SGDClassifier,3,2,0,0.1856353591160221
448,THYROID,FLOW3,SGDClassifier,3,2,0,0.9469613259668508
449,THYROID,FLOW3,SGDClassifier,3,2,0,0.9469613259668508
450,THYROID,FLOW3,SGDClassifier,3,2,2,0.8972375690607735
451,THYROID,FLOW3,SGDClassifier,3,2,2,0.656353591160221
452,THYROID,FLOW3,SGDClassifier,3,2,2,0.9281767955801105
453,THYROID,FLOW3,SGDClassifier,3,2,2,0.5922651933701657
454,THYROID,FLOW3,SGDClassifier,3,2,2,0.9348066298342541
455,THYROID,FLOW3,SGDClassifier,3,2,2,0.6828729281767956
456,THYROID,FLOW3,SGDClassifier,3,2,2,0.9392265193370166
457,THYROID,FLOW3,SGDClassifier,3,2,2,0.518232044198895
458,THYROID,FLOW3,SGDClassifier,3,2,2,0.09281767955801105
459,THYROID,FLOW3,SGDClassifier,3,2,2,0.1867403314917127
460,THYROID,FLOW3,SGDClassifier,3,3,6,0.09281767955801105
461,THYROID,FLOW3,SGDClassifier,3,3,6,0.09281767955801105
462,THYROID,FLOW3,SGDClassifier,3,3,6,0.09281767955801105
463,THYROID,FLOW3,SGDClassifier,3,3,6,0.09281767955801105
464,THYROID,FLOW3,SGDClassifier,3,3,6,0.09281767955801105
465,THYROID,FLOW3,SGDClassifier,3,3,6,0.09281767955801105
466,THYROID,FLOW3,SGDClassifier,3,3,6,0.09281767955801105
467,THYROID,FLOW3,SGDClassifier,3,3,6,0.09281767955801105
468,THYROID,FLOW3,SGDClassifier,3,3,6,0.09281767955801105
469,THYROID,FLOW3,SGDClassifier,3,3,6,0.09281767955801105
470,THYROID,FLOW3,SGDClassifier,3,0,0,0.9370165745856354
471,THYROID,FLOW3,SGDClassifier,3,0,0,0.09281767955801105
472,THYROID,FLOW3,SGDClassifier,3,0,0,0.9480662983425414
473,THYROID,FLOW3,SGDClassifier,3,0,0,0.5723756906077349
474,THYROID,FLOW3,SGDClassifier,3,0,0,0.9138121546961326
475,THYROID,FLOW3,SGDClassifier,3,0,0,0.8408839779005525
476,THYROID,FLOW3,SGDClassifier,3,0,0,0.9458563535911603
477,THYROID,FLOW3,SGDClassifier,3,0,0,0.6331491712707182
478,THYROID,FLOW3,SGDClassifier,3,0,0,0.949171270718232
479,THYROID,FLOW3,SGDClassifier,3,0,0,0.9104972375690608
480,THYROID,FLOW3,SGDClassifier,3,1,6,0.7933701657458564
481,THYROID,FLOW3,SGDClassifier,3,1,6,0.9458563535911603
482,THYROID,FLOW3,SGDClassifier,3,1,6,0.6784530386740332
483,THYROID,FLOW3,SGDClassifier,3,1,6,0.9370165745856354
484,THYROID,FLOW3,SGDClassifier,3,1,6,0.9458563535911603
485,THYROID,FLOW3,SGDClassifier,3,1,6,0.09281767955801105
486,THYROID,FLOW3,SGDClassifier,3,1,6,0.18453038674033148
487,THYROID,FLOW3,SGDClassifier,3,1,6,0.09281767955801105
488,THYROID,FLOW3,SGDClassifier,3,1,6,0.9414364640883978
489,THYROID,FLOW3,SGDClassifier,3,1,6,0.5558011049723757
490,THYROID,FLOW3,SGDClassifier,3,1,4,0.1292817679558011
491,THYROID,FLOW3,SGDClassifier,3,1,4,0.4607734806629834
492,THYROID,FLOW3,SGDClassifier,3,1,4,0.33812154696132596
493,THYROID,FLOW3,SGDClassifier,3,1,4,0.09281767955801105
494,THYROID,FLOW3,SGDClassifier,3,1,4,0.712707182320442
495,THYROID,FLOW3,SGDClassifier,3,1,4,0.625414364640884
496,THYROID,FLOW3,SGDClassifier,3,1,4,0.9193370165745857
497,THYROID,FLOW3,SGDClassifier,3,1,4,0.8519337016574585
498,THYROID,FLOW3,SGDClassifier,3,1,4,0.9314917127071823
499,THYROID,FLOW3,SGDClassifier,3,1,4,0.7303867403314918
500,THYROID,FLOW3,SGDClassifier,3,2,6,0.09281767955801105
501,THYROID,FLOW3,SGDClassifier,3,2,6,0.09281767955801105
502,THYROID,FLOW3,SGDClassifier,3,2,6,0.09281767955801105
503,THYROID,FLOW3,SGDClassifier,3,2,6,0.9469613259668508
504,THYROID,FLOW3,SGDClassifier,3,2,6,0.9447513812154696
505,THYROID,FLOW3,SGDClassifier,3,2,6,0.8950276243093923
506,THYROID,FLOW3,SGDClassifier,3,2,6,0.9480662983425414
507,THYROID,FLOW3,SGDClassifier,3,2,6,0.09281767955801105
508,THYROID,FLOW3,SGDClassifier,3,2,6,0.09281767955801105
509,THYROID,FLOW3,SGDClassifier,3,2,6,0.9458563535911603
510,THYROID,FLOW3,SGDClassifier,3,2,4,0.5049723756906077
511,THYROID,FLOW3,SGDClassifier,3,2,4,0.4154696132596685
512,THYROID,FLOW3,SGDClassifier,3,2,4,0.16685082872928178
513,THYROID,FLOW3,SGDClassifier,3,2,4,0.9425414364640884
514,THYROID,FLOW3,SGDClassifier,3,2,4,0.6817679558011049
515,THYROID,FLOW3,SGDClassifier,3,2,4,0.9160220994475138
516,THYROID,FLOW3,SGDClassifier,3,2,4,0.6795580110497238
517,THYROID,FLOW3,SGDClassifier,3,2,4,0.901657458563536
518,THYROID,FLOW3,SGDClassifier,3,2,4,0.9414364640883978
519,THYROID,FLOW3,SGDClassifier,3,2,4,0.9480662983425414
520,THYROID,FLOW3,SGDClassifier,3,3,0,0.9425414364640884
521,THYROID,FLOW3,SGDClassifier,3,3,0,0.9447513812154696
522,THYROID,FLOW3,SGDClassifier,3,3,0,0.9027624309392265
523,THYROID,FLOW3,SGDClassifier,3,3,0,0.9160220994475138
524,THYROID,FLOW3,SGDClassifier,3,3,0,0.9248618784530387
525,THYROID,FLOW3,SGDClassifier,3,3,0,0.35911602209944754
526,THYROID,FLOW3,SGDClassifier,3,3,0,0.9458563535911603
527,THYROID,FLOW3,SGDClassifier,3,3,0,0.9259668508287293
528,THYROID,FLOW3,SGDClassifier,3,3,0,0.10165745856353592
529,THYROID,FLOW3,SGDClassifier,3,3,0,0.7458563535911602
530,THYROID,FLOW3,SGDClassifier,3,2,8,0.949171270718232
531,THYROID,FLOW3,SGDClassifier,3,2,8,0.5779005524861879
532,THYROID,FLOW3,SGDClassifier,3,2,8,0.9546961325966851
533,THYROID,FLOW3,SGDClassifier,3,2,8,0.9314917127071823
534,THYROID,FLOW3,SGDClassifier,3,2,8,0.9171270718232044
535,THYROID,FLOW3,SGDClassifier,3,2,8,0.1138121546961326
536,THYROID,FLOW3,SGDClassifier,3,2,8,0.9414364640883978
537,THYROID,FLOW3,SGDClassifier,3,2,8,0.09281767955801105
538,THYROID,FLOW3,SGDClassifier,3,2,8,0.9337016574585635
539,THYROID,FLOW3,SGDClassifier,3,2,8,0.09281767955801105
540,THYROID,FLOW3,SGDClassifier,3,3,2,0.09281767955801105
541,THYROID,FLOW3,SGDClassifier,3,3,2,0.09281767955801105
542,THYROID,FLOW3,SGDClassifier,3,3,2,0.09281767955801105
543,THYROID,FLOW3,SGDClassifier,3,3,2,0.7116022099447514
544,THYROID,FLOW3,SGDClassifier,3,3,2,0.09281767955801105
545,THYROID,FLOW3,SGDClassifier,3,3,2,0.09281767955801105
546,THYROID,FLOW3,SGDClassifier,3,3,2,0.9005524861878453
547,THYROID,FLOW3,SGDClassifier,3,3,2,0.09281767955801105
548,THYROID,FLOW3,SGDClassifier,3,3,2,0.2143646408839779
549,THYROID,FLOW3,SGDClassifier,3,3,2,0.09281767955801105
550,THYROID,FLOW3,SGDClassifier,3,0,2,0.9303867403314917
551,THYROID,FLOW3,SGDClassifier,3,0,2,0.16685082872928178
552,THYROID,FLOW3,SGDClassifier,3,0,2,0.09281767955801105
553,THYROID,FLOW3,SGDClassifier,3,0,2,0.9281767955801105
554,THYROID,FLOW3,SGDClassifier,3,0,2,0.9458563535911603
555,THYROID,FLOW3,SGDClassifier,3,0,2,0.9469613259668508
556,THYROID,FLOW3,SGDClassifier,3,0,2,0.9469613259668508
557,THYROID,FLOW3,SGDClassifier,3,0,2,0.7248618784530386
558,THYROID,FLOW3,SGDClassifier,3,0,2,0.9348066298342541
559,THYROID,FLOW3,SGDClassifier,3,0,2,0.943646408839779
560,THYROID,FLOW3,SGDClassifier,3,3,8,0.09281767955801105
561,THYROID,FLOW3,SGDClassifier,3,3,8,0.09281767955801105
562,THYROID,FLOW3,SGDClassifier,3,3,8,0.09281767955801105
563,THYROID,FLOW3,SGDClassifier,3,3,8,0.09281767955801105
564,THYROID,FLOW3,SGDClassifier,3,3,8,0.09281767955801105
565,THYROID,FLOW3,SGDClassifier,3,3,8,0.09281767955801105
566,THYROID,FLOW3,SGDClassifier,3,3,8,0.09281767955801105
567,THYROID,FLOW3,SGDClassifier,3,3,8,0.09281767955801105
568,THYROID,FLOW3,SGDClassifier,3,3,8,0.09281767955801105
569,THYROID,FLOW3,SGDClassifier,3,3,8,0.09281767955801105
570,THYROID,FLOW3,SGDClassifier,3,0,8,0.9469613259668508
571,THYROID,FLOW3,SGDClassifier,3,0,8,0.9093922651933701
572,THYROID,FLOW3,SGDClassifier,3,0,8,0.09281767955801105
573,THYROID,FLOW3,SGDClassifier,3,0,8,0.09281767955801105
574,THYROID,FLOW3,SGDClassifier,3,0,8,0.856353591160221
575,THYROID,FLOW3,SGDClassifier,3,0,8,0.31712707182320443
576,THYROID,FLOW3,SGDClassifier,3,0,8,0.9469613259668508
577,THYROID,FLOW3,SGDClassifier,3,0,8,0.8994475138121547
578,THYROID,FLOW3,SGDClassifier,3,0,8,0.5955801104972376
579,THYROID,FLOW3,SGDClassifier,3,0,8,0.9215469613259668
580,THYROID,FLOW3,SGDClassifier,3,0,4,0.10276243093922652
581,THYROID,FLOW3,SGDClassifier,3,0,4,0.8430939226519337
582,THYROID,FLOW3,SGDClassifier,3,0,4,0.8386740331491712
583,THYROID,FLOW3,SGDClassifier,3,0,4,0.9447513812154696
584,THYROID,FLOW3,SGDClassifier,3,0,4,0.9447513812154696
585,THYROID,FLOW3,SGDClassifier,3,0,4,0.23867403314917127
586,THYROID,FLOW3,SGDClassifier,3,0,4,0.143646408839779
587,THYROID,FLOW3,SGDClassifier,3,0,4,0.9414364640883978
588,THYROID,FLOW3,SGDClassifier,3,0,4,0.312707182320442
589,THYROID,FLOW3,SGDClassifier,3,0,4,0.09281767955801105
590,THYROID,FLOW3,SGDClassifier,3,3,4,0.09281767955801105
591,THYROID,FLOW3,SGDClassifier,3,3,4,0.09281767955801105
592,THYROID,FLOW3,SGDClassifier,3,3,4,0.09281767955801105
593,THYROID,FLOW3,SGDClassifier,3,3,4,0.09281767955801105
594,THYROID,FLOW3,SGDClassifier,3,3,4,0.09281767955801105
595,THYROID,FLOW3,SGDClassifier,3,3,4,0.949171270718232
596,THYROID,FLOW3,SGDClassifier,3,3,4,0.09613259668508287
597,THYROID,FLOW3,SGDClassifier,3,3,4,0.09281767955801105
598,THYROID,FLOW3,SGDClassifier,3,3,4,0.09281767955801105
599,THYROID,FLOW3,SGDClassifier,3,3,4,0.09281767955801105
600,THYROID,FLOW3,SGDClassifier,4,0,6,0.9502762430939227
601,THYROID,FLOW3,SGDClassifier,4,0,6,0.09281767955801105
602,THYROID,FLOW3,SGDClassifier,4,0,6,0.9469613259668508
603,THYROID,FLOW3,SGDClassifier,4,0,6,0.2906077348066298
604,THYROID,FLOW3,SGDClassifier,4,0,6,0.4176795580110497
605,THYROID,FLOW3,SGDClassifier,4,0,6,0.876243093922652
606,THYROID,FLOW3,SGDClassifier,4,0,6,0.9502762430939227
607,THYROID,FLOW3,SGDClassifier,4,0,6,0.918232044198895
608,THYROID,FLOW3,SGDClassifier,4,0,6,0.17016574585635358
609,THYROID,FLOW3,SGDClassifier,4,0,6,0.9447513812154696
610,THYROID,FLOW3,SGDClassifier,4,1,8,0.09834254143646409
611,THYROID,FLOW3,SGDClassifier,4,1,8,0.9292817679558011
612,THYROID,FLOW3,SGDClassifier,4,1,8,0.9348066298342541
613,THYROID,FLOW3,SGDClassifier,4,1,8,0.09281767955801105
614,THYROID,FLOW3,SGDClassifier,4,1,8,0.5668508287292817
615,THYROID,FLOW3,SGDClassifier,4,1,8,0.938121546961326
616,THYROID,FLOW3,SGDClassifier,4,1,8,0.9469613259668508
617,THYROID,FLOW3,SGDClassifier,4,1,8,0.9259668508287293
618,THYROID,FLOW3,SGDClassifier,4,1,8,0.9447513812154696
619,THYROID,FLOW3,SGDClassifier,4,1,8,0.6762430939226519
620,THYROID,FLOW3,SGDClassifier,4,1,0,0.8486187845303867
621,THYROID,FLOW3,SGDClassifier,4,1,0,0.19889502762430938
622,THYROID,FLOW3,SGDClassifier,4,1,0,0.6066298342541436
623,THYROID,FLOW3,SGDClassifier,4,1,0,0.549171270718232
624,THYROID,FLOW3,SGDClassifier,4,1,0,0.9138121546961326
625,THYROID,FLOW3,SGDClassifier,4,1,0,0.9403314917127071
626,THYROID,FLOW3,SGDClassifier,4,1,0,0.3270718232044199
627,THYROID,FLOW3,SGDClassifier,4,1,0,0.9546961325966851
628,THYROID,FLOW3,SGDClassifier,4,1,0,0.943646408839779
629,THYROID,FLOW3,SGDClassifier,4,1,0,0.9370165745856354
630,THYROID,FLOW3,SGDClassifier,4,1,2,0.09281767955801105
631,THYROID,FLOW3,SGDClassifier,4,1,2,0.9524861878453039
632,THYROID,FLOW3,SGDClassifier,4,1,2,0.9458563535911603
633,THYROID,FLOW3,SGDClassifier,4,1,2,0.09281767955801105
634,THYROID,FLOW3,SGDClassifier,4,1,2,0.9215469613259668
635,THYROID,FLOW3,SGDClassifier,4,1,2,0.09281767955801105
636,THYROID,FLOW3,SGDClassifier,4,1,2,0.9425414364640884
637,THYROID,FLOW3,SGDClassifier,4,1,2,0.7624309392265194
638,THYROID,FLOW3,SGDClassifier,4,1,2,0.09281767955801105
639,THYROID,FLOW3,SGDClassifier,4,1,2,0.9447513812154696
640,THYROID,FLOW3,SGDClassifier,4,2,0,0.9425414364640884
641,THYROID,FLOW3,SGDClassifier,4,2,0,0.9270718232044199
642,THYROID,FLOW3,SGDClassifier,4,2,0,0.9469613259668508
643,THYROID,FLOW3,SGDClassifier,4,2,0,0.9215469613259668
644,THYROID,FLOW3,SGDClassifier,4,2,0,0.9403314917127071
645,THYROID,FLOW3,SGDClassifier,4,2,0,0.09834254143646409
646,THYROID,FLOW3,SGDClassifier,4,2,0,0.8187845303867404
647,THYROID,FLOW3,SGDClassifier,4,2,0,0.9359116022099447
648,THYROID,FLOW3,SGDClassifier,4,2,0,0.9458563535911603
649,THYROID,FLOW3,SGDClassifier,4,2,0,0.9348066298342541
650,THYROID,FLOW3,SGDClassifier,4,2,2,0.09281767955801105
651,THYROID,FLOW3,SGDClassifier,4,2,2,0.09281767955801105
652,THYROID,FLOW3,SGDClassifier,4,2,2,0.9425414364640884
653,THYROID,FLOW3,SGDClassifier,4,2,2,0.9458563535911603
654,THYROID,FLOW3,SGDClassifier,4,2,2,0.2408839779005525
655,THYROID,FLOW3,SGDClassifier,4,2,2,0.09281767955801105
656,THYROID,FLOW3,SGDClassifier,4,2,2,0.6486187845303868
657,THYROID,FLOW3,SGDClassifier,4,2,2,0.9027624309392265
658,THYROID,FLOW3,SGDClassifier,4,2,2,0.9569060773480663
659,THYROID,FLOW3,SGDClassifier,4,2,2,0.9458563535911603
660,THYROID,FLOW3,SGDClassifier,4,3,6,0.09281767955801105
661,THYROID,FLOW3,SGDClassifier,4,3,6,0.09281767955801105
662,THYROID,FLOW3,SGDClassifier,4,3,6,0.09281767955801105
663,THYROID,FLOW3,SGDClassifier,4,3,6,0.09281767955801105
664,THYROID,FLOW3,SGDClassifier,4,3,6,0.09281767955801105
665,THYROID,FLOW3,SGDClassifier,4,3,6,0.09281767955801105
666,THYROID,FLOW3,SGDClassifier,4,3,6,0.09281767955801105
667,THYROID,FLOW3,SGDClassifier,4,3,6,0.09281767955801105
668,THYROID,FLOW3,SGDClassifier,4,3,6,0.09281767955801105
669,THYROID,FLOW3,SGDClassifier,4,3,6,0.09281767955801105
670,THYROID,FLOW3,SGDClassifier,4,0,0,0.9458563535911603
671,THYROID,FLOW3,SGDClassifier,4,0,0,0.9425414364640884
672,THYROID,FLOW3,SGDClassifier,4,0,0,0.9458563535911603
673,THYROID,FLOW3,SGDClassifier,4,0,0,0.7602209944751381
674,THYROID,FLOW3,SGDClassifier,4,0,0,0.7502762430939226
675,THYROID,FLOW3,SGDClassifier,4,0,0,0.16574585635359115
676,THYROID,FLOW3,SGDClassifier,4,0,0,0.9458563535911603
677,THYROID,FLOW3,SGDClassifier,4,0,0,0.9270718232044199
678,THYROID,FLOW3,SGDClassifier,4,0,0,0.7546961325966851
679,THYROID,FLOW3,SGDClassifier,4,0,0,0.3314917127071823
680,THYROID,FLOW3,SGDClassifier,4,1,6,0.9469613259668508
681,THYROID,FLOW3,SGDClassifier,4,1,6,0.9259668508287293
682,THYROID,FLOW3,SGDClassifier,4,1,6,0.8994475138121547
683,THYROID,FLOW3,SGDClassifier,4,1,6,0.7116022099447514
684,THYROID,FLOW3,SGDClassifier,4,1,6,0.8696132596685083
685,THYROID,FLOW3,SGDClassifier,4,1,6,0.9502762430939227
686,THYROID,FLOW3,SGDClassifier,4,1,6,0.938121546961326
687,THYROID,FLOW3,SGDClassifier,4,1,6,0.8674033149171271
688,THYROID,FLOW3,SGDClassifier,4,1,6,0.8629834254143647
689,THYROID,FLOW3,SGDClassifier,4,1,6,0.949171270718232
690,THYROID,FLOW3,SGDClassifier,4,1,4,0.9149171270718232
691,THYROID,FLOW3,SGDClassifier,4,1,4,0.5646408839779006
692,THYROID,FLOW3,SGDClassifier,4,1,4,0.9469613259668508
693,THYROID,FLOW3,SGDClassifier,4,1,4,0.16795580110497238
694,THYROID,FLOW3,SGDClassifier,4,1,4,0.8685082872928177
695,THYROID,FLOW3,SGDClassifier,4,1,4,0.9513812154696133
696,THYROID,FLOW3,SGDClassifier,4,1,4,0.9458563535911603
697,THYROID,FLOW3,SGDClassifier,4,1,4,0.8961325966850828
698,THYROID,FLOW3,SGDClassifier,4,1,4,0.9502762430939227
699,THYROID,FLOW3,SGDClassifier,4,1,4,0.09281767955801105
700,THYROID,FLOW3,SGDClassifier,4,2,6,0.8464088397790055
701,THYROID,FLOW3,SGDClassifier,4,2,6,0.9414364640883978
702,THYROID,FLOW3,SGDClassifier,4,2,6,0.9049723756906077
703,THYROID,FLOW3,SGDClassifier,4,2,6,0.09281767955801105
704,THYROID,FLOW3,SGDClassifier,4,2,6,0.25303867403314917
705,THYROID,FLOW3,SGDClassifier,4,2,6,0.7546961325966851
706,THYROID,FLOW3,SGDClassifier,4,2,6,0.09281767955801105
707,THYROID,FLOW3,SGDClassifier,4,2,6,0.9149171270718232
708,THYROID,FLOW3,SGDClassifier,4,2,6,0.9414364640883978
709,THYROID,FLOW3,SGDClassifier,4,2,6,0.943646408839779
710,THYROID,FLOW3,SGDClassifier,4,2,4,0.9447513812154696
711,THYROID,FLOW3,SGDClassifier,4,2,4,0.9447513812154696
712,THYROID,FLOW3,SGDClassifier,4,2,4,0.9281767955801105
713,THYROID,FLOW3,SGDClassifier,4,2,4,0.9359116022099447
714,THYROID,FLOW3,SGDClassifier,4,2,4,0.09281767955801105
715,THYROID,FLOW3,SGDClassifier,4,2,4,0.09281767955801105
716,THYROID,FLOW3,SGDClassifier,4,2,4,0.09281767955801105
717,THYROID,FLOW3,SGDClassifier,4,2,4,0.8519337016574585
718,THYROID,FLOW3,SGDClassifier,4,2,4,0.7093922651933702
719,THYROID,FLOW3,SGDClassifier,4,2,4,0.9414364640883978
720,THYROID,FLOW3,SGDClassifier,4,3,0,0.8906077348066298
721,THYROID,FLOW3,SGDClassifier,4,3,0,0.9149171270718232
722,THYROID,FLOW3,SGDClassifier,4,3,0,0.8287292817679558
723,THYROID,FLOW3,SGDClassifier,4,3,0,0.09281767955801105
724,THYROID,FLOW3,SGDClassifier,4,3,0,0.12486187845303867
725,THYROID,FLOW3,SGDClassifier,4,3,0,0.9348066298342541
726,THYROID,FLOW3,SGDClassifier,4,3,0,0.10828729281767956
727,THYROID,FLOW3,SGDClassifier,4,3,0,0.09281767955801105
728,THYROID,FLOW3,SGDClassifier,4,3,0,0.10718232044198896
729,THYROID,FLOW3,SGDClassifier,4,3,0,0.9480662983425414
730,THYROID,FLOW3,SGDClassifier,4,2,8,0.09281767955801105
731,THYROID,FLOW3,SGDClassifier,4,2,8,0.9458563535911603
732,THYROID,FLOW3,SGDClassifier,4,2,8,0.09281767955801105
733,THYROID,FLOW3,SGDClassifier,4,2,8,0.9569060773480663
734,THYROID,FLOW3,SGDClassifier,4,2,8,0.943646408839779
735,THYROID,FLOW3,SGDClassifier,4,2,8,0.943646408839779
736,THYROID,FLOW3,SGDClassifier,4,2,8,0.09281767955801105
737,THYROID,FLOW3,SGDClassifier,4,2,8,0.9469613259668508
738,THYROID,FLOW3,SGDClassifier,4,2,8,0.09281767955801105
739,THYROID,FLOW3,SGDClassifier,4,2,8,0.9480662983425414
740,THYROID,FLOW3,SGDClassifier,4,3,2,0.09281767955801105
741,THYROID,FLOW3,SGDClassifier,4,3,2,0.09281767955801105
742,THYROID,FLOW3,SGDClassifier,4,3,2,0.9270718232044199
743,THYROID,FLOW3,SGDClassifier,4,3,2,0.8629834254143647
744,THYROID,FLOW3,SGDClassifier,4,3,2,0.96353591160221
745,THYROID,FLOW3,SGDClassifier,4,3,2,0.09281767955801105
746,THYROID,FLOW3,SGDClassifier,4,3,2,0.09281767955801105
747,THYROID,FLOW3,SGDClassifier,4,3,2,0.09281767955801105
748,THYROID,FLOW3,SGDClassifier,4,3,2,0.9513812154696133
749,THYROID,FLOW3,SGDClassifier,4,3,2,0.949171270718232
750,THYROID,FLOW3,SGDClassifier,4,0,2,0.9292817679558011
751,THYROID,FLOW3,SGDClassifier,4,0,2,0.9303867403314917
752,THYROID,FLOW3,SGDClassifier,4,0,2,0.9513812154696133
753,THYROID,FLOW3,SGDClassifier,4,0,2,0.09502762430939227
754,THYROID,FLOW3,SGDClassifier,4,0,2,0.9480662983425414
755,THYROID,FLOW3,SGDClassifier,4,0,2,0.9060773480662984
756,THYROID,FLOW3,SGDClassifier,4,0,2,0.8751381215469614
757,THYROID,FLOW3,SGDClassifier,4,0,2,0.09281767955801105
758,THYROID,FLOW3,SGDClassifier,4,0,2,0.6320441988950276
759,THYROID,FLOW3,SGDClassifier,4,0,2,0.932596685082873
760,THYROID,FLOW3,SGDClassifier,4,3,8,0.09281767955801105
761,THYROID,FLOW3,SGDClassifier,4,3,8,0.8983425414364641
762,THYROID,FLOW3,SGDClassifier,4,3,8,0.09281767955801105
763,THYROID,FLOW3,SGDClassifier,4,3,8,0.09281767955801105
764,THYROID,FLOW3,SGDClassifier,4,3,8,0.09281767955801105
765,THYROID,FLOW3,SGDClassifier,4,3,8,0.9403314917127071
766,THYROID,FLOW3,SGDClassifier,4,3,8,0.09281767955801105
767,THYROID,FLOW3,SGDClassifier,4,3,8,0.09281767955801105
768,THYROID,FLOW3,SGDClassifier,4,3,8,0.09281767955801105
769,THYROID,FLOW3,SGDClassifier,4,3,8,0.09281767955801105
770,THYROID,FLOW3,SGDClassifier,4,0,8,0.63646408839779
771,THYROID,FLOW3,SGDClassifier,4,0,8,0.36574585635359114
772,THYROID,FLOW3,SGDClassifier,4,0,8,0.9403314917127071
773,THYROID,FLOW3,SGDClassifier,4,0,8,0.9513812154696133
774,THYROID,FLOW3,SGDClassifier,4,0,8,0.9458563535911603
775,THYROID,FLOW3,SGDClassifier,4,0,8,0.9469613259668508
776,THYROID,FLOW3,SGDClassifier,4,0,8,0.8740331491712707
777,THYROID,FLOW3,SGDClassifier,4,0,8,0.9458563535911603
778,THYROID,FLOW3,SGDClassifier,4,0,8,0.09281767955801105
779,THYROID,FLOW3,SGDClassifier,4,0,8,0.6773480662983425
780,THYROID,FLOW3,SGDClassifier,4,0,4,0.9458563535911603
781,THYROID,FLOW3,SGDClassifier,4,0,4,0.9535911602209944
782,THYROID,FLOW3,SGDClassifier,4,0,4,0.9281767955801105
783,THYROID,FLOW3,SGDClassifier,4,0,4,0.949171270718232
784,THYROID,FLOW3,SGDClassifier,4,0,4,0.9359116022099447
785,THYROID,FLOW3,SGDClassifier,4,0,4,0.943646408839779
786,THYROID,FLOW3,SGDClassifier,4,0,4,0.9469613259668508
787,THYROID,FLOW3,SGDClassifier,4,0,4,0.943646408839779
788,THYROID,FLOW3,SGDClassifier,4,0,4,0.9480662983425414
789,THYROID,FLOW3,SGDClassifier,4,0,4,0.6022099447513812
790,THYROID,FLOW3,SGDClassifier,4,3,4,0.09281767955801105
791,THYROID,FLOW3,SGDClassifier,4,3,4,0.09281767955801105
792,THYROID,FLOW3,SGDClassifier,4,3,4,0.09281767955801105
793,THYROID,FLOW3,SGDClassifier,4,3,4,0.09281767955801105
794,THYROID,FLOW3,SGDClassifier,4,3,4,0.949171270718232
795,THYROID,FLOW3,SGDClassifier,4,3,4,0.09281767955801105
796,THYROID,FLOW3,SGDClassifier,4,3,4,0.9458563535911603
797,THYROID,FLOW3,SGDClassifier,4,3,4,0.09281767955801105
798,THYROID,FLOW3,SGDClassifier,4,3,4,0.09281767955801105
799,THYROID,FLOW3,SGDClassifier,4,3,4,0.09281767955801105
800,THYROID,FLOW3,SGDClassifier,2,0,6,0.9469613259668508
801,THYROID,FLOW3,SGDClassifier,2,0,6,0.22430939226519336
802,THYROID,FLOW3,SGDClassifier,2,0,6,0.830939226519337
803,THYROID,FLOW3,SGDClassifier,2,0,6,0.09281767955801105
804,THYROID,FLOW3,SGDClassifier,2,0,6,0.2265193370165746
805,THYROID,FLOW3,SGDClassifier,2,0,6,0.9458563535911603
806,THYROID,FLOW3,SGDClassifier,2,0,6,0.9469613259668508
807,THYROID,FLOW3,SGDClassifier,2,0,6,0.09281767955801105
808,THYROID,FLOW3,SGDClassifier,2,0,6,0.938121546961326
809,THYROID,FLOW3,SGDClassifier,2,0,6,0.9458563535911603
810,THYROID,FLOW3,SGDClassifier,2,1,8,0.5900552486187846
811,THYROID,FLOW3,SGDClassifier,2,1,8,0.10497237569060773
812,THYROID,FLOW3,SGDClassifier,2,1,8,0.09281767955801105
813,THYROID,FLOW3,SGDClassifier,2,1,8,0.943646408839779
814,THYROID,FLOW3,SGDClassifier,2,1,8,0.9480662983425414
815,THYROID,FLOW3,SGDClassifier,2,1,8,0.958011049723757
816,THYROID,FLOW3,SGDClassifier,2,1,8,0.8596685082872928
817,THYROID,FLOW3,SGDClassifier,2,1,8,0.47734806629834253
818,THYROID,FLOW3,SGDClassifier,2,1,8,0.8662983425414365
819,THYROID,FLOW3,SGDClassifier,2,1,8,0.9348066298342541
820,THYROID,FLOW3,SGDClassifier,2,1,0,0.3237569060773481
821,THYROID,FLOW3,SGDClassifier,2,1,0,0.5226519337016574
822,THYROID,FLOW3,SGDClassifier,2,1,0,0.9204419889502763
823,THYROID,FLOW3,SGDClassifier,2,1,0,0.09281767955801105
824,THYROID,FLOW3,SGDClassifier,2,1,0,0.9458563535911603
825,THYROID,FLOW3,SGDClassifier,2,1,0,0.8674033149171271
826,THYROID,FLOW3,SGDClassifier,2,1,0,0.09281767955801105
827,THYROID,FLOW3,SGDClassifier,2,1,0,0.19116022099447513
828,THYROID,FLOW3,SGDClassifier,2,1,0,0.19779005524861878
829,THYROID,FLOW3,SGDClassifier,2,1,0,0.907182320441989
830,THYROID,FLOW3,SGDClassifier,2,1,2,0.9270718232044199
831,THYROID,FLOW3,SGDClassifier,2,1,2,0.7237569060773481
832,THYROID,FLOW3,SGDClassifier,2,1,2,0.10386740331491713
833,THYROID,FLOW3,SGDClassifier,2,1,2,0.17900552486187846
834,THYROID,FLOW3,SGDClassifier,2,1,2,0.2585635359116022
835,THYROID,FLOW3,SGDClassifier,2,1,2,0.943646408839779
836,THYROID,FLOW3,SGDClassifier,2,1,2,0.32044198895027626
837,THYROID,FLOW3,SGDClassifier,2,1,2,0.9237569060773481
838,THYROID,FLOW3,SGDClassifier,2,1,2,0.09502762430939227
839,THYROID,FLOW3,SGDClassifier,2,1,2,0.09281767955801105
840,THYROID,FLOW3,SGDClassifier,2,2,0,0.39005524861878454
841,THYROID,FLOW3,SGDClassifier,2,2,0,0.881767955801105
842,THYROID,FLOW3,SGDClassifier,2,2,0,0.9458563535911603
843,THYROID,FLOW3,SGDClassifier,2,2,0,0.9458563535911603
844,THYROID,FLOW3,SGDClassifier,2,2,0,0.10165745856353592
845,THYROID,FLOW3,SGDClassifier,2,2,0,0.2165745856353591
846,THYROID,FLOW3,SGDClassifier,2,2,0,0.9480662983425414
847,THYROID,FLOW3,SGDClassifier,2,2,0,0.09281767955801105
848,THYROID,FLOW3,SGDClassifier,2,2,0,0.8154696132596685
849,THYROID,FLOW3,SGDClassifier,2,2,0,0.6453038674033149
850,THYROID,FLOW3,SGDClassifier,2,2,2,0.9469613259668508
851,THYROID,FLOW3,SGDClassifier,2,2,2,0.09281767955801105
852,THYROID,FLOW3,SGDClassifier,2,2,2,0.09392265193370165
853,THYROID,FLOW3,SGDClassifier,2,2,2,0.09281767955801105
854,THYROID,FLOW3,SGDClassifier,2,2,2,0.24640883977900552
855,THYROID,FLOW3,SGDClassifier,2,2,2,0.9248618784530387
856,THYROID,FLOW3,SGDClassifier,2,2,2,0.09281767955801105
857,THYROID,FLOW3,SGDClassifier,2,2,2,0.09281767955801105
858,THYROID,FLOW3,SGDClassifier,2,2,2,0.3524861878453039
859,THYROID,FLOW3,SGDClassifier,2,2,2,0.09281767955801105
860,THYROID,FLOW3,SGDClassifier,2,3,6,0.09281767955801105
861,THYROID,FLOW3,SGDClassifier,2,3,6,0.09281767955801105
862,THYROID,FLOW3,SGDClassifier,2,3,6,0.09281767955801105
863,THYROID,FLOW3,SGDClassifier,2,3,6,0.09281767955801105
864,THYROID,FLOW3,SGDClassifier,2,3,6,0.09281767955801105
865,THYROID,FLOW3,SGDClassifier,2,3,6,0.09281767955801105
866,THYROID,FLOW3,SGDClassifier,2,3,6,0.09281767955801105
867,THYROID,FLOW3,SGDClassifier,2,3,6,0.09281767955801105
868,THYROID,FLOW3,SGDClassifier,2,3,6,0.09281767955801105
869,THYROID,FLOW3,SGDClassifier,2,3,6,0.09281767955801105
870,THYROID,FLOW3,SGDClassifier,2,0,0,0.8917127071823204
871,THYROID,FLOW3,SGDClassifier,2,0,0,0.9171270718232044
872,THYROID,FLOW3,SGDClassifier,2,0,0,0.949171270718232
873,THYROID,FLOW3,SGDClassifier,2,0,0,0.9469613259668508
874,THYROID,FLOW3,SGDClassifier,2,0,0,0.09281767955801105
875,THYROID,FLOW3,SGDClassifier,2,0,0,0.9458563535911603
876,THYROID,FLOW3,SGDClassifier,2,0,0,0.9458563535911603
877,THYROID,FLOW3,SGDClassifier,2,0,0,0.09281767955801105
878,THYROID,FLOW3,SGDClassifier,2,0,0,0.9259668508287293
879,THYROID,FLOW3,SGDClassifier,2,0,0,0.49281767955801103
880,THYROID,FLOW3,SGDClassifier,2,1,6,0.9458563535911603
881,THYROID,FLOW3,SGDClassifier,2,1,6,0.09281767955801105
882,THYROID,FLOW3,SGDClassifier,2,1,6,0.09281767955801105
883,THYROID,FLOW3,SGDClassifier,2,1,6,0.7359116022099448
884,THYROID,FLOW3,SGDClassifier,2,1,6,0.09392265193370165
885,THYROID,FLOW3,SGDClassifier,2,1,6,0.949171270718232
886,THYROID,FLOW3,SGDClassifier,2,1,6,0.9469613259668508
887,THYROID,FLOW3,SGDClassifier,2,1,6,0.6088397790055249
888,THYROID,FLOW3,SGDClassifier,2,1,6,0.09281767955801105
889,THYROID,FLOW3,SGDClassifier,2,1,6,0.949171270718232
890,THYROID,FLOW3,SGDClassifier,2,1,4,0.949171270718232
891,THYROID,FLOW3,SGDClassifier,2,1,4,0.9447513812154696
892,THYROID,FLOW3,SGDClassifier,2,1,4,0.5900552486187846
893,THYROID,FLOW3,SGDClassifier,2,1,4,0.9248618784530387
894,THYROID,FLOW3,SGDClassifier,2,1,4,0.09281767955801105
895,THYROID,FLOW3,SGDClassifier,2,1,4,0.16243093922651933
896,THYROID,FLOW3,SGDClassifier,2,1,4,0.09281767955801105
897,THYROID,FLOW3,SGDClassifier,2,1,4,0.8685082872928177
898,THYROID,FLOW3,SGDClassifier,2,1,4,0.8209944751381215
899,THYROID,FLOW3,SGDClassifier,2,1,4,0.09281767955801105
900,THYROID,FLOW3,SGDClassifier,2,2,6,0.09281767955801105
901,THYROID,FLOW3,SGDClassifier,2,2,6,0.09281767955801105
902,THYROID,FLOW3,SGDClassifier,2,2,6,0.09281767955801105
903,THYROID,FLOW3,SGDClassifier,2,2,6,0.9591160220994475
904,THYROID,FLOW3,SGDClassifier,2,2,6,0.09392265193370165
905,THYROID,FLOW3,SGDClassifier,2,2,6,0.17900552486187846
906,THYROID,FLOW3,SGDClassifier,2,2,6,0.09281767955801105
907,THYROID,FLOW3,SGDClassifier,2,2,6,0.4243093922651934
908,THYROID,FLOW3,SGDClassifier,2,2,6,0.943646408839779
909,THYROID,FLOW3,SGDClassifier,2,2,6,0.6
910,THYROID,FLOW3,SGDClassifier,2,2,4,0.9237569060773481
911,THYROID,FLOW3,SGDClassifier,2,2,4,0.7679558011049724
912,THYROID,FLOW3,SGDClassifier,2,2,4,0.9414364640883978
913,THYROID,FLOW3,SGDClassifier,2,2,4,0.9480662983425414
914,THYROID,FLOW3,SGDClassifier,2,2,4,0.949171270718232
915,THYROID,FLOW3,SGDClassifier,2,2,4,0.943646408839779
916,THYROID,FLOW3,SGDClassifier,2,2,4,0.9281767955801105
917,THYROID,FLOW3,SGDClassifier,2,2,4,0.09281767955801105
918,THYROID,FLOW3,SGDClassifier,2,2,4,0.09281767955801105
919,THYROID,FLOW3,SGDClassifier,2,2,4,0.9226519337016574
920,THYROID,FLOW3,SGDClassifier,2,3,0,0.9458563535911603
921,THYROID,FLOW3,SGDClassifier,2,3,0,0.30718232044198895
922,THYROID,FLOW3,SGDClassifier,2,3,0,0.9104972375690608
923,THYROID,FLOW3,SGDClassifier,2,3,0,0.9447513812154696
924,THYROID,FLOW3,SGDClassifier,2,3,0,0.9392265193370166
925,THYROID,FLOW3,SGDClassifier,2,3,0,0.10497237569060773
926,THYROID,FLOW3,SGDClassifier,2,3,0,0.7513812154696132
927,THYROID,FLOW3,SGDClassifier,2,3,0,0.9414364640883978
928,THYROID,FLOW3,SGDClassifier,2,3,0,0.9458563535911603
929,THYROID,FLOW3,SGDClassifier,2,3,0,0.9403314917127071
930,THYROID,FLOW3,SGDClassifier,2,2,8,0.9458563535911603
931,THYROID,FLOW3,SGDClassifier,2,2,8,0.9458563535911603
932,THYROID,FLOW3,SGDClassifier,2,2,8,0.9403314917127071
933,THYROID,FLOW3,SGDClassifier,2,2,8,0.9005524861878453
934,THYROID,FLOW3,SGDClassifier,2,2,8,0.9469613259668508
935,THYROID,FLOW3,SGDClassifier,2,2,8,0.8475138121546961
936,THYROID,FLOW3,SGDClassifier,2,2,8,0.9403314917127071
937,THYROID,FLOW3,SGDClassifier,2,2,8,0.14806629834254142
938,THYROID,FLOW3,SGDClassifier,2,2,8,0.9425414364640884
939,THYROID,FLOW3,SGDClassifier,2,2,8,0.9226519337016574
940,THYROID,FLOW3,SGDClassifier,2,3,2,0.09281767955801105
941,THYROID,FLOW3,SGDClassifier,2,3,2,0.09281767955801105
942,THYROID,FLOW3,SGDClassifier,2,3,2,0.09281767955801105
943,THYROID,FLOW3,SGDClassifier,2,3,2,0.09281767955801105
944,THYROID,FLOW3,SGDClassifier,2,3,2,0.19558011049723756
945,THYROID,FLOW3,SGDClassifier,2,3,2,0.09281767955801105
946,THYROID,FLOW3,SGDClassifier,2,3,2,0.09281767955801105
947,THYROID,FLOW3,SGDClassifier,2,3,2,0.09281767955801105
948,THYROID,FLOW3,SGDClassifier,2,3,2,0.10386740331491713
949,THYROID,FLOW3,SGDClassifier,2,3,2,0.09281767955801105
950,THYROID,FLOW3,SGDClassifier,2,0,2,0.11933701657458563
951,THYROID,FLOW3,SGDClassifier,2,0,2,0.09281767955801105
952,THYROID,FLOW3,SGDClassifier,2,0,2,0.9458563535911603
953,THYROID,FLOW3,SGDClassifier,2,0,2,0.10828729281767956
954,THYROID,FLOW3,SGDClassifier,2,0,2,0.09281767955801105
955,THYROID,FLOW3,SGDClassifier,2,0,2,0.9414364640883978
956,THYROID,FLOW3,SGDClassifier,2,0,2,0.7270718232044199
957,THYROID,FLOW3,SGDClassifier,2,0,2,0.9303867403314917
958,THYROID,FLOW3,SGDClassifier,2,0,2,0.1005524861878453
959,THYROID,FLOW3,SGDClassifier,2,0,2,0.09281767955801105
960,THYROID,FLOW3,SGDClassifier,2,3,8,0.09281767955801105
961,THYROID,FLOW3,SGDClassifier,2,3,8,0.09281767955801105
962,THYROID,FLOW3,SGDClassifier,2,3,8,0.09281767955801105
963,THYROID,FLOW3,SGDClassifier,2,3,8,0.09281767955801105
964,THYROID,FLOW3,SGDClassifier,2,3,8,0.09281767955801105
965,THYROID,FLOW3,SGDClassifier,2,3,8,0.09281767955801105
966,THYROID,FLOW3,SGDClassifier,2,3,8,0.09281767955801105
967,THYROID,FLOW3,SGDClassifier,2,3,8,0.09281767955801105
968,THYROID,FLOW3,SGDClassifier,2,3,8,0.09281767955801105
969,THYROID,FLOW3,SGDClassifier,2,3,8,0.09281767955801105
970,THYROID,FLOW3,SGDClassifier,2,0,8,0.9480662983425414
971,THYROID,FLOW3,SGDClassifier,2,0,8,0.9447513812154696
972,THYROID,FLOW3,SGDClassifier,2,0,8,0.9513812154696133
973,THYROID,FLOW3,SGDClassifier,2,0,8,0.1580110497237569
974,THYROID,FLOW3,SGDClassifier,2,0,8,0.9104972375690608
975,THYROID,FLOW3,SGDClassifier,2,0,8,0.7027624309392265
976,THYROID,FLOW3,SGDClassifier,2,0,8,0.6983425414364641
977,THYROID,FLOW3,SGDClassifier,2,0,8,0.33038674033149174
978,THYROID,FLOW3,SGDClassifier,2,0,8,0.9458563535911603
979,THYROID,FLOW3,SGDClassifier,2,0,8,0.18342541436464088
980,THYROID,FLOW3,SGDClassifier,2,0,4,0.9469613259668508
981,THYROID,FLOW3,SGDClassifier,2,0,4,0.949171270718232
982,THYROID,FLOW3,SGDClassifier,2,0,4,0.9480662983425414
983,THYROID,FLOW3,SGDClassifier,2,0,4,0.09281767955801105
984,THYROID,FLOW3,SGDClassifier,2,0,4,0.9458563535911603
985,THYROID,FLOW3,SGDClassifier,2,0,4,0.949171270718232
986,THYROID,FLOW3,SGDClassifier,2,0,4,0.9270718232044199
987,THYROID,FLOW3,SGDClassifier,2,0,4,0.8154696132596685
988,THYROID,FLOW3,SGDClassifier,2,0,4,0.09281767955801105
989,THYROID,FLOW3,SGDClassifier,2,0,4,0.9458563535911603
990,THYROID,FLOW3,SGDClassifier,2,3,4,0.09281767955801105
991,THYROID,FLOW3,SGDClassifier,2,3,4,0.09281767955801105
992,THYROID,FLOW3,SGDClassifier,2,3,4,0.09281767955801105
993,THYROID,FLOW3,SGDClassifier,2,3,4,0.09281767955801105
994,THYROID,FLOW3,SGDClassifier,2,3,4,0.09281767955801105
995,THYROID,FLOW3,SGDClassifier,2,3,4,0.09281767955801105
996,THYROID,FLOW3,SGDClassifier,2,3,4,0.09281767955801105
997,THYROID,FLOW3,SGDClassifier,2,3,4,0.09281767955801105
998,THYROID,FLOW3,SGDClassifier,2,3,4,0.09281767955801105
999,THYROID,FLOW3,SGDClassifier,2,3,4,0.09281767955801105
1000,THYROID,FLOW3,SGDClassifier,0,0,6,0.9458563535911603
1001,THYROID,FLOW3,SGDClassifier,0,0,6,0.7955801104972375
1002,THYROID,FLOW3,SGDClassifier,0,0,6,0.7138121546961326
1003,THYROID,FLOW3,SGDClassifier,0,0,6,0.7038674033149172
1004,THYROID,FLOW3,SGDClassifier,0,0,6,0.09281767955801105
1005,THYROID,FLOW3,SGDClassifier,0,0,6,0.6651933701657459
1006,THYROID,FLOW3,SGDClassifier,0,0,6,0.6939226519337016
1007,THYROID,FLOW3,SGDClassifier,0,0,6,0.46408839779005523
1008,THYROID,FLOW3,SGDClassifier,0,0,6,0.6762430939226519
1009,THYROID,FLOW3,SGDClassifier,0,0,6,0.09281767955801105
1010,THYROID,FLOW3,SGDClassifier,0,1,8,0.7458563535911602
1011,THYROID,FLOW3,SGDClassifier,0,1,8,0.8950276243093923
1012,THYROID,FLOW3,SGDClassifier,0,1,8,0.09281767955801105
1013,THYROID,FLOW3,SGDClassifier,0,1,8,0.23977900552486187
1014,THYROID,FLOW3,SGDClassifier,0,1,8,0.7734806629834254
1015,THYROID,FLOW3,SGDClassifier,0,1,8,0.09392265193370165
1016,THYROID,FLOW3,SGDClassifier,0,1,8,0.5447513812154696
1017,THYROID,FLOW3,SGDClassifier,0,1,8,0.09392265193370165
1018,THYROID,FLOW3,SGDClassifier,0,1,8,0.09834254143646409
1019,THYROID,FLOW3,SGDClassifier,0,1,8,0.943646408839779
1020,THYROID,FLOW3,SGDClassifier,0,1,0,0.9082872928176795
1021,THYROID,FLOW3,SGDClassifier,0,1,0,0.2022099447513812
1022,THYROID,FLOW3,SGDClassifier,0,1,0,0.09281767955801105
1023,THYROID,FLOW3,SGDClassifier,0,1,0,0.2983425414364641
1024,THYROID,FLOW3,SGDClassifier,0,1,0,0.9513812154696133
1025,THYROID,FLOW3,SGDClassifier,0,1,0,0.96353591160221
1026,THYROID,FLOW3,SGDClassifier,0,1,0,0.17458563535911603
1027,THYROID,FLOW3,SGDClassifier,0,1,0,0.8209944751381215
1028,THYROID,FLOW3,SGDClassifier,0,1,0,0.4165745856353591
1029,THYROID,FLOW3,SGDClassifier,0,1,0,0.9458563535911603
1030,THYROID,FLOW3,SGDClassifier,0,1,2,0.16132596685082873
1031,THYROID,FLOW3,SGDClassifier,0,1,2,0.943646408839779
1032,THYROID,FLOW3,SGDClassifier,0,1,2,0.507182320441989
1033,THYROID,FLOW3,SGDClassifier,0,1,2,0.9458563535911603
1034,THYROID,FLOW3,SGDClassifier,0,1,2,0.9502762430939227
1035,THYROID,FLOW3,SGDClassifier,0,1,2,0.6530386740331492
1036,THYROID,FLOW3,SGDClassifier,0,1,2,0.9259668508287293
1037,THYROID,FLOW3,SGDClassifier,0,1,2,0.09723756906077348
1038,THYROID,FLOW3,SGDClassifier,0,1,2,0.9469613259668508
1039,THYROID,FLOW3,SGDClassifier,0,1,2,0.9458563535911603
1040,THYROID,FLOW3,SGDClassifier,0,2,0,0.8077348066298342
1041,THYROID,FLOW3,SGDClassifier,0,2,0,0.2740331491712707
1042,THYROID,FLOW3,SGDClassifier,0,2,0,0.9403314917127071
1043,THYROID,FLOW3,SGDClassifier,0,2,0,0.425414364640884
1044,THYROID,FLOW3,SGDClassifier,0,2,0,0.9480662983425414
1045,THYROID,FLOW3,SGDClassifier,0,2,0,0.09392265193370165
1046,THYROID,FLOW3,SGDClassifier,0,2,0,0.943646408839779
1047,THYROID,FLOW3,SGDClassifier,0,2,0,0.09281767955801105
1048,THYROID,FLOW3,SGDClassifier,0,2,0,0.861878453038674
1049,THYROID,FLOW3,SGDClassifier,0,2,0,0.09281767955801105
1050,THYROID,FLOW3,SGDClassifier,0,2,2,0.09281767955801105
1051,THYROID,FLOW3,SGDClassifier,0,2,2,0.9027624309392265
1052,THYROID,FLOW3,SGDClassifier,0,2,2,0.661878453038674
1053,THYROID,FLOW3,SGDClassifier,0,2,2,0.09281767955801105
1054,THYROID,FLOW3,SGDClassifier,0,2,2,0.9204419889502763
1055,THYROID,FLOW3,SGDClassifier,0,2,2,0.7237569060773481
1056,THYROID,FLOW3,SGDClassifier,0,2,2,0.09281767955801105
1057,THYROID,FLOW3,SGDClassifier,0,2,2,0.12044198895027625
1058,THYROID,FLOW3,SGDClassifier,0,2,2,0.16132596685082873
1059,THYROID,FLOW3,SGDClassifier,0,2,2,0.09281767955801105
1060,THYROID,FLOW3,SGDClassifier,0,3,6,0.09281767955801105
1061,THYROID,FLOW3,SGDClassifier,0,3,6,0.09171270718232044
1062,THYROID,FLOW3,SGDClassifier,0,3,6,0.09281767955801105
1063,THYROID,FLOW3,SGDClassifier,0,3,6,0.10165745856353592
1064,THYROID,FLOW3,SGDClassifier,0,3,6,0.09281767955801105
1065,THYROID,FLOW3,SGDClassifier,0,3,6,0.09281767955801105
1066,THYROID,FLOW3,SGDClassifier,0,3,6,0.09281767955801105
1067,THYROID,FLOW3,SGDClassifier,0,3,6,0.09281767955801105
1068,THYROID,FLOW3,SGDClassifier,0,3,6,0.09281767955801105
1069,THYROID,FLOW3,SGDClassifier,0,3,6,0.09281767955801105
1070,THYROID,FLOW3,SGDClassifier,0,0,0,0.09281767955801105
1071,THYROID,FLOW3,SGDClassifier,0,0,0,0.44972375690607735
1072,THYROID,FLOW3,SGDClassifier,0,0,0,0.6408839779005525
1073,THYROID,FLOW3,SGDClassifier,0,0,0,0.5171270718232044
1074,THYROID,FLOW3,SGDClassifier,0,0,0,0.938121546961326
1075,THYROID,FLOW3,SGDClassifier,0,0,0,0.9458563535911603
1076,THYROID,FLOW3,SGDClassifier,0,0,0,0.7082872928176795
1077,THYROID,FLOW3,SGDClassifier,0,0,0,0.09281767955801105
1078,THYROID,FLOW3,SGDClassifier,0,0,0,0.881767955801105
1079,THYROID,FLOW3,SGDClassifier,0,0,0,0.09281767955801105
1080,THYROID,FLOW3,SGDClassifier,0,1,6,0.09281767955801105
1081,THYROID,FLOW3,SGDClassifier,0,1,6,0.9458563535911603
1082,THYROID,FLOW3,SGDClassifier,0,1,6,0.7790055248618785
1083,THYROID,FLOW3,SGDClassifier,0,1,6,0.9480662983425414
1084,THYROID,FLOW3,SGDClassifier,0,1,6,0.7381215469613259
1085,THYROID,FLOW3,SGDClassifier,0,1,6,0.09281767955801105
1086,THYROID,FLOW3,SGDClassifier,0,1,6,0.8640883977900552
1087,THYROID,FLOW3,SGDClassifier,0,1,6,0.7546961325966851
1088,THYROID,FLOW3,SGDClassifier,0,1,6,0.9469613259668508
1089,THYROID,FLOW3,SGDClassifier,0,1,6,0.09281767955801105
1090,THYROID,FLOW3,SGDClassifier,0,1,4,0.09723756906077348
1091,THYROID,FLOW3,SGDClassifier,0,1,4,0.9524861878453039
1092,THYROID,FLOW3,SGDClassifier,0,1,4,0.9447513812154696
1093,THYROID,FLOW3,SGDClassifier,0,1,4,0.09392265193370165
1094,THYROID,FLOW3,SGDClassifier,0,1,4,0.6784530386740332
1095,THYROID,FLOW3,SGDClassifier,0,1,4,0.949171270718232
1096,THYROID,FLOW3,SGDClassifier,0,1,4,0.9314917127071823
1097,THYROID,FLOW3,SGDClassifier,0,1,4,0.5104972375690607
1098,THYROID,FLOW3,SGDClassifier,0,1,4,0.09281767955801105
1099,THYROID,FLOW3,SGDClassifier,0,1,4,0.9038674033149171
1100,THYROID,FLOW3,SGDClassifier,0,2,6,0.09281767955801105
1101,THYROID,FLOW3,SGDClassifier,0,2,6,0.9458563535911603
1102,THYROID,FLOW3,SGDClassifier,0,2,6,0.9447513812154696
1103,THYROID,FLOW3,SGDClassifier,0,2,6,0.9447513812154696
1104,THYROID,FLOW3,SGDClassifier,0,2,6,0.9469613259668508
1105,THYROID,FLOW3,SGDClassifier,0,2,6,0.09281767955801105
1106,THYROID,FLOW3,SGDClassifier,0,2,6,0.3558011049723757
1107,THYROID,FLOW3,SGDClassifier,0,2,6,0.5469613259668509
1108,THYROID,FLOW3,SGDClassifier,0,2,6,0.8044198895027624
1109,THYROID,FLOW3,SGDClassifier,0,2,6,0.09281767955801105
1110,THYROID,FLOW3,SGDClassifier,0,2,4,0.9149171270718232
1111,THYROID,FLOW3,SGDClassifier,0,2,4,0.9469613259668508
1112,THYROID,FLOW3,SGDClassifier,0,2,4,0.6939226519337016
1113,THYROID,FLOW3,SGDClassifier,0,2,4,0.9425414364640884
1114,THYROID,FLOW3,SGDClassifier,0,2,4,0.09281767955801105
1115,THYROID,FLOW3,SGDClassifier,0,2,4,0.09281767955801105
1116,THYROID,FLOW3,SGDClassifier,0,2,4,0.09281767955801105
1117,THYROID,FLOW3,SGDClassifier,0,2,4,0.9469613259668508
1118,THYROID,FLOW3,SGDClassifier,0,2,4,0.949171270718232
1119,THYROID,FLOW3,SGDClassifier,0,2,4,0.10497237569060773
1120,THYROID,FLOW3,SGDClassifier,0,3,0,0.9425414364640884
1121,THYROID,FLOW3,SGDClassifier,0,3,0,0.7414364640883978
1122,THYROID,FLOW3,SGDClassifier,0,3,0,0.8287292817679558
1123,THYROID,FLOW3,SGDClassifier,0,3,0,0.12375690607734807
1124,THYROID,FLOW3,SGDClassifier,0,3,0,0.949171270718232
1125,THYROID,FLOW3,SGDClassifier,0,3,0,0.09281767955801105
1126,THYROID,FLOW3,SGDClassifier,0,3,0,0.09281767955801105
1127,THYROID,FLOW3,SGDClassifier,0,3,0,0.8287292817679558
1128,THYROID,FLOW3,SGDClassifier,0,3,0,0.09392265193370165
1129,THYROID,FLOW3,SGDClassifier,0,3,0,0.8320441988950277
1130,THYROID,FLOW3,SGDClassifier,0,2,8,0.9447513812154696
1131,THYROID,FLOW3,SGDClassifier,0,2,8,0.3569060773480663
1132,THYROID,FLOW3,SGDClassifier,0,2,8,0.912707182320442
1133,THYROID,FLOW3,SGDClassifier,0,2,8,0.7370165745856354
1134,THYROID,FLOW3,SGDClassifier,0,2,8,0.09281767955801105
1135,THYROID,FLOW3,SGDClassifier,0,2,8,0.9469613259668508
1136,THYROID,FLOW3,SGDClassifier,0,2,8,0.6850828729281768
1137,THYROID,FLOW3,SGDClassifier,0,2,8,0.9524861878453039
1138,THYROID,FLOW3,SGDClassifier,0,2,8,0.943646408839779
1139,THYROID,FLOW3,SGDClassifier,0,2,8,0.943646408839779
1140,THYROID,FLOW3,SGDClassifier,0,3,2,0.17900552486187846
1141,THYROID,FLOW3,SGDClassifier,0,3,2,0.09281767955801105
1142,THYROID,FLOW3,SGDClassifier,0,3,2,0.9337016574585635
1143,THYROID,FLOW3,SGDClassifier,0,3,2,0.09281767955801105
1144,THYROID,FLOW3,SGDClassifier,0,3,2,0.09613259668508287
1145,THYROID,FLOW3,SGDClassifier,0,3,2,0.09281767955801105
1146,THYROID,FLOW3,SGDClassifier,0,3,2,0.09281767955801105
1147,THYROID,FLOW3,SGDClassifier,0,3,2,0.09281767955801105
1148,THYROID,FLOW3,SGDClassifier,0,3,2,0.09281767955801105
1149,THYROID,FLOW3,SGDClassifier,0,3,2,0.9591160220994475
1150,THYROID,FLOW3,SGDClassifier,0,0,2,0.09502762430939227
1151,THYROID,FLOW3,SGDClassifier,0,0,2,0.9337016574585635
1152,THYROID,FLOW3,SGDClassifier,0,0,2,0.6850828729281768
1153,THYROID,FLOW3,SGDClassifier,0,0,2,0.4994475138121547
1154,THYROID,FLOW3,SGDClassifier,0,0,2,0.10497237569060773
1155,THYROID,FLOW3,SGDClassifier,0,0,2,0.9469613259668508
1156,THYROID,FLOW3,SGDClassifier,0,0,2,0.8784530386740331
1157,THYROID,FLOW3,SGDClassifier,0,0,2,0.09281767955801105
1158,THYROID,FLOW3,SGDClassifier,0,0,2,0.7403314917127072
1159,THYROID,FLOW3,SGDClassifier,0,0,2,0.09723756906077348
1160,THYROID,FLOW3,SGDClassifier,0,3,8,0.09281767955801105
1161,THYROID,FLOW3,SGDClassifier,0,3,8,0.09281767955801105
1162,THYROID,FLOW3,SGDClassifier,0,3,8,0.9337016574585635
1163,THYROID,FLOW3,SGDClassifier,0,3,8,0.09281767955801105
1164,THYROID,FLOW3,SGDClassifier,0,3,8,0.09171270718232044
1165,THYROID,FLOW3,SGDClassifier,0,3,8,0.09281767955801105
1166,THYROID,FLOW3,SGDClassifier,0,3,8,0.09281767955801105
1167,THYROID,FLOW3,SGDClassifier,0,3,8,0.09281767955801105
1168,THYROID,FLOW3,SGDClassifier,0,3,8,0.09281767955801105
1169,THYROID,FLOW3,SGDClassifier,0,3,8,0.09281767955801105
1170,THYROID,FLOW3,SGDClassifier,0,0,8,0.09281767955801105
1171,THYROID,FLOW3,SGDClassifier,0,0,8,0.9160220994475138
1172,THYROID,FLOW3,SGDClassifier,0,0,8,0.09281767955801105
1173,THYROID,FLOW3,SGDClassifier,0,0,8,0.6386740331491713
1174,THYROID,FLOW3,SGDClassifier,0,0,8,0.5701657458563536
1175,THYROID,FLOW3,SGDClassifier,0,0,8,0.9458563535911603
1176,THYROID,FLOW3,SGDClassifier,0,0,8,0.512707182320442
1177,THYROID,FLOW3,SGDClassifier,0,0,8,0.943646408839779
1178,THYROID,FLOW3,SGDClassifier,0,0,8,0.6729281767955801
1179,THYROID,FLOW3,SGDClassifier,0,0,8,0.9458563535911603
1180,THYROID,FLOW3,SGDClassifier,0,0,4,0.09834254143646409
1181,THYROID,FLOW3,SGDClassifier,0,0,4,0.5248618784530387
1182,THYROID,FLOW3,SGDClassifier,0,0,4,0.9469613259668508
1183,THYROID,FLOW3,SGDClassifier,0,0,4,0.9458563535911603
1184,THYROID,FLOW3,SGDClassifier,0,0,4,0.9281767955801105
1185,THYROID,FLOW3,SGDClassifier,0,0,4,0.9314917127071823
1186,THYROID,FLOW3,SGDClassifier,0,0,4,0.5767955801104973
1187,THYROID,FLOW3,SGDClassifier,0,0,4,0.8906077348066298
1188,THYROID,FLOW3,SGDClassifier,0,0,4,0.09834254143646409
1189,THYROID,FLOW3,SGDClassifier,0,0,4,0.9193370165745857
1190,THYROID,FLOW3,SGDClassifier,0,3,4,0.09281767955801105
1191,THYROID,FLOW3,SGDClassifier,0,3,4,0.09281767955801105
1192,THYROID,FLOW3,SGDClassifier,0,3,4,0.09281767955801105
1193,THYROID,FLOW3,SGDClassifier,0,3,4,0.09281767955801105
1194,THYROID,FLOW3,SGDClassifier,0,3,4,0.09281767955801105
1195,THYROID,FLOW3,SGDClassifier,0,3,4,0.09281767955801105
1196,THYROID,FLOW3,SGDClassifier,0,3,4,0.09281767955801105
1197,THYROID,FLOW3,SGDClassifier,0,3,4,0.09281767955801105
1198,THYROID,FLOW3,SGDClassifier,0,3,4,0.09281767955801105
1199,THYROID,FLOW3,SGDClassifier,0,3,4,0.09281767955801105
